126,156,156,154,124,108,103,110,124,107,135,171
122,137,168,149,128,98,133,117,124,79,125,157
126,123,162,134,123,101,166,123,114,76,120,128
131,119,133,127,110,122,180,123,100,98,122,108
128,124,99,135,96,153,167,115,95,127,126,106
114,132,74,153,91,175,133,108,108,144,127,115
98,133,73,160,101,176,102,108,136,141,121,123
92,124,92,145,125,153,90,120,165,131,111,119
105,105,119,113,155,117,99,140,178,125,104,107
133,86,139,81,175,88,116,159,165,136,106,103
163,79,143,69,178,78,123,166,131,149,120,117
176,90,135,85,158,90,116,156,95,153,141,145
163,117,124,114,125,113,103,128,73,135,159,169
127,150,126,138,93,131,103,96,78,103,163,170
91,174,141,143,73,135,123,73,103,75,149,143
69,180,158,133,76,129,155,71,132,73,121,103
79,166,164,124,96,121,177,91,150,98,91,74
108,139,151,128,122,124,173,126,150,137,74,75
144,111,120,148,144,139,145,160,139,165,79,102
164,95,88,166,152,157,108,177,127,168,105,138
163,94,69,166,146,164,85,173,126,149,142,159
143,105,76,141,135,150,87,149,133,125,172,156
121,118,101,104,126,119,105,118,140,114,180,139
108,124,130,78,126,87,123,95,136,118,165,122
109,120,147,76,133,68,126,87,118,127,130,120
118,111,147,96,140,76,116,96,94,125,96,126
123,104,135,121,138,105,109,113,79,109,73,130
120,109,126,134,126,137,118,129,87,91,76,120
111,127,129,128,105,158,143,137,115,88,99,101
107,152,143,118,85,159,168,134,152,108,130,88
116,171,158,117,79,145,175,127,177,145,157,97
138,176,158,135,91,129,155,124,177,174,166,127
159,161,139,161,119,123,118,128,153,178,157,162
166,130,107,175,153,129,86,138,117,154,135,179
151,98,78,166,176,138,77,146,91,117,113,165
117,76,68,133,180,138,93,144,84,91,101,127
84,74,83,99,162,122,117,130,97,88,102,91
69,89,111,80,131,98,132,107,118,104,112,76
83,113,141,87,101,78,130,87,132,122,123,90
118,136,154,108,83,78,120,79,133,127,129,117
156,145,149,124,85,101,118,92,125,120,129,141
175,142,136,124,100,137,132,121,122,113,124,145
169,133,126,112,120,168,157,154,128,120,123,136
142,125,131,105,134,178,171,177,144,143,127,127
110,128,144,116,136,164,161,178,157,164,136,129
93,139,154,144,130,135,129,158,155,169,144,139
94,152,150,171,124,111,93,122,133,146,143,145
110,156,126,178,124,101,73,91,102,108,130,134
125,145,95,160,133,106,81,73,76,77,111,107
132,120,72,125,147,118,107,79,71,72,92,83
128,92,70,97,155,123,132,101,94,94,87,79
122,71,92,89,151,116,141,130,130,127,99,103
124,70,124,101,131,103,132,152,163,150,125,143
135,89,151,117,104,96,124,158,175,152,156,173
148,120,159,122,79,107,127,150,163,139,174,176
152,151,150,110,71,133,144,133,135,127,171,150
138,168,134,97,83,164,162,121,111,129,146,114
110,168,126,98,113,179,163,116,101,139,110,90
84,153,131,120,148,171,138,120,106,145,79,90
76,131,143,154,172,140,103,126,118,133,68,108
93,118,150,177,177,105,74,126,123,106,82,126
129,115,141,176,162,82,73,119,118,80,115,131
165,121,114,151,135,80,96,107,108,75,152,125
180,128,86,119,110,98,127,98,105,97,175,120
168,129,69,101,96,121,147,101,117,136,175,128
134,118,77,103,98,134,146,118,141,168,154,145
99,100,104,116,109,133,133,144,165,174,121,159
79,86,137,124,120,125,126,165,172,155,93,153
85,84,160,114,126,120,133,172,156,125,82,125
108,101,163,96,121,128,150,159,121,107,90,90
133,130,148,85,114,147,158,128,86,107,111,71
147,161,132,96,110,162,145,94,69,118,135,82
144,179,124,127,118,162,114,71,79,123,149,117
133,178,130,162,137,141,81,70,108,115,149,156
125,158,141,178,157,107,69,92,141,100,139,173
126,127,144,168,168,78,85,126,160,95,127,163
133,101,131,140,163,68,118,159,158,110,119,134
137,88,104,117,139,85,148,173,142,142,119,109
128,92,79,110,106,117,156,168,125,171,123,102
109,106,70,119,78,147,146,146,119,178,126,110
91,120,85,129,67,160,131,119,123,156,123,121
88,126,117,124,79,154,127,100,130,117,115,122
105,122,150,104,107,138,137,95,128,87,107,112
138,114,167,82,141,125,149,104,115,80,107,106
168,109,164,78,163,125,146,117,97,98,117,114
178,116,145,99,169,133,124,127,87,121,136,139
160,135,127,135,157,141,92,128,97,134,155,164
123,158,121,165,135,134,70,124,125,131,161,170
88,172,128,172,118,114,77,119,159,122,151,149
70,170,137,156,110,89,107,121,179,123,126,110
83,149,138,132,113,75,143,132,173,137,97,77
113,117,121,120,121,84,163,147,145,157,76,71
145,87,96,123,125,114,159,155,107,163,78,95
162,70,75,135,120,150,141,151,81,145,100,132
157,75,75,136,108,174,126,131,79,110,136,159
138,96,97,120,98,175,126,104,96,78,168,161
120,123,131,92,96,154,136,81,123,70,181,144
113,144,162,73,110,125,142,74,141,90,169,124
116,150,172,78,136,105,130,90,143,127,137,117
123,144,162,106,162,102,104,120,135,156,100,122
124,133,139,142,177,111,78,156,127,161,75,128
115,126,122,163,172,121,73,178,127,147,72,123
104,128,117,161,147,122,96,178,139,129,93,107
103,139,125,143,111,111,133,157,147,122,125,92
117,149,134,127,82,98,164,122,145,128,155,95
143,150,130,127,70,97,169,92,125,137,168,120
164,135,113,139,80,115,153,78,98,130,161,156
169,110,90,149,104,145,130,84,77,110,140,177
149,84,76,139,133,171,119,105,78,86,116,169
113,70,82,112,152,179,123,129,103,79,100,135
80,76,110,82,156,162,132,146,140,98,98,96
69,100,146,68,147,127,132,149,171,135,108,75
86,133,170,83,133,95,114,141,178,169,121,84
122,162,174,115,124,78,89,130,161,178,131,111
158,173,157,144,124,86,76,123,128,159,132,139
173,167,132,156,130,107,88,125,101,126,128,149
164,147,116,146,136,127,122,130,91,101,124,141
137,124,113,132,133,135,159,134,99,97,125,130
110,112,122,127,119,130,175,129,115,109,132,126
97,111,130,139,100,121,165,115,126,121,140,135
101,118,125,155,84,122,138,99,126,121,141,142
115,125,107,158,84,134,117,90,118,111,132,135
126,125,86,137,102,154,111,95,115,103,115,113
126,113,79,103,132,165,120,117,123,112,97,88
121,98,93,75,163,157,128,147,143,139,89,79
117,88,124,70,180,129,121,171,161,167,97,98
124,92,158,93,176,95,102,177,164,175,120,135
140,112,176,122,152,71,84,161,146,156,150,170
155,143,172,143,118,72,86,128,112,118,170,178
156,170,149,142,90,96,112,94,80,84,172,158
136,181,123,131,78,128,149,71,68,75,152,120
106,173,109,124,86,154,175,72,84,91,116,91
79,147,110,132,105,159,175,93,117,119,84,86
74,114,120,153,127,148,150,126,152,140,68,102
95,91,126,167,139,132,120,155,169,142,78,123
133,83,120,161,140,124,104,168,163,132,108,134
168,92,102,131,133,128,106,162,142,125,146,130
179,109,86,95,126,137,118,142,119,132,173,123
164,125,84,74,126,140,123,120,110,148,178,125
129,129,105,79,135,128,113,107,113,155,160,140
97,125,138,103,146,104,96,105,121,143,126,154
83,117,168,126,152,82,89,112,124,112,97,154
91,115,179,135,143,75,104,121,116,81,80,130
113,123,167,126,121,93,138,124,103,70,85,97
134,142,140,117,95,127,170,120,96,89,106,73
142,161,114,121,75,161,180,113,107,126,131,78
137,171,102,141,75,177,162,111,133,159,149,110
129,162,107,166,93,169,128,118,162,169,152,150
125,136,118,175,126,143,102,136,177,155,143,173
132,104,124,158,160,117,95,154,167,130,129,168
140,77,116,123,178,103,106,163,134,116,118,140
140,68,100,91,175,105,120,156,97,117,115,112
127,80,88,79,154,116,121,132,73,126,119,99
104,106,93,92,124,123,109,101,76,127,124,105
86,134,118,113,100,118,97,77,99,114,124,118
85,152,151,126,91,105,102,70,130,94,119,123
107,155,176,122,96,95,127,88,151,85,112,117
143,146,179,110,110,101,161,120,153,99,109,109
172,132,159,107,124,125,179,156,142,134,116,113
178,125,128,122,128,156,171,177,128,168,132,133
157,128,104,152,124,177,139,176,124,180,150,159
119,138,97,175,117,175,105,155,130,163,159,169
85,145,105,176,115,150,87,122,138,127,153,154
73,142,118,151,125,114,93,96,135,97,131,117
87,125,122,116,142,87,111,84,119,88,103,82
117,101,114,92,159,79,124,90,97,100,80,69
146,79,99,90,165,93,121,108,81,118,77,89
157,71,92,105,154,115,109,128,86,127,95,125
151,85,103,120,126,132,105,139,113,121,129,157
133,113,130,120,95,133,120,139,149,113,162,164
121,147,162,107,72,126,148,133,176,116,179,150
118,171,180,96,69,119,173,126,178,135,173,127
123,176,175,102,88,125,175,126,155,161,144,115
127,163,149,129,120,142,151,133,119,171,106,117
122,139,116,162,153,160,113,141,91,156,78,125
109,116,95,180,170,165,86,142,82,119,70,124
98,105,93,171,169,149,82,131,95,84,87,112
99,107,105,142,152,116,100,112,116,71,119,97
118,116,119,111,128,84,120,92,133,87,151,95
148,124,122,98,111,68,130,82,135,118,169,115
170,122,113,105,106,78,122,91,129,145,166,149
171,112,101,118,111,107,113,116,123,152,146,174
146,98,98,122,120,139,117,149,127,142,119,173
108,92,113,110,124,157,137,174,141,129,100,143
77,101,143,92,119,157,163,179,154,127,95,102
69,124,170,86,108,141,174,162,154,138,103,76
90,154,180,103,101,128,159,128,136,146,118,79
126,175,167,138,103,124,124,94,105,139,131,105
159,180,136,169,120,132,89,73,78,114,135,136
170,164,105,178,146,141,75,75,71,86,132,151
158,133,88,162,167,138,87,96,91,72,127,147
132,102,91,133,175,121,112,126,127,89,125,132
110,82,107,112,163,95,133,152,162,125,129,125
102,81,121,110,133,76,135,161,176,161,135,130
108,94,123,121,99,78,126,155,165,174,139,138
119,115,114,128,74,104,120,138,138,161,133,136
124,130,104,120,70,140,129,122,112,133,119,118
120,134,105,98,86,169,151,114,99,111,102,94
114,129,124,80,115,176,167,115,103,107,92,80
114,120,153,82,143,161,163,121,115,116,96,93
126,120,175,108,159,133,135,125,123,123,116,128
146,129,177,145,158,110,97,121,121,118,144,165
161,147,157,170,145,103,74,112,111,103,166,180
158,162,122,170,129,109,76,103,107,93,172,164
134,166,93,150,121,120,102,103,116,103,156,127
100,152,82,127,121,123,130,116,138,132,123,94
75,123,91,118,128,114,144,139,162,165,90,83
73,92,110,125,132,100,139,160,171,179,70,96
99,71,125,136,128,95,127,170,158,165,75,119
138,69,125,133,113,108,126,160,124,128,102,135
170,88,116,113,97,136,139,133,89,94,139,134
177,117,108,86,86,166,156,99,69,80,170,126
159,145,113,71,91,179,162,73,77,92,179,124
125,159,134,84,113,169,143,70,105,115,165,135
97,158,161,116,144,138,108,87,140,132,133,149
87,144,176,150,171,103,78,121,161,131,100,154
97,130,171,166,181,82,70,155,161,123,80,136
117,123,143,158,169,82,90,174,145,120,81,104
132,126,109,138,139,101,122,172,126,132,101,77
136,135,83,126,106,122,147,152,117,153,128,75
130,141,79,129,81,133,152,122,120,164,149,103
124,135,94,142,75,130,139,100,127,153,155,144
128,117,116,147,90,122,128,92,128,120,148,172
137,94,129,133,112,119,130,98,117,86,133,173
148,77,128,103,135,130,144,113,100,69,119,147
143,77,119,76,145,149,155,126,89,83,113,115
125,96,113,70,143,164,147,132,96,116,115,98
99,127,121,90,134,162,120,129,123,149,121,100
80,159,143,125,126,139,86,123,156,161,124,114
83,177,166,151,127,104,69,122,177,151,122,124
110,176,175,156,135,76,80,129,175,132,116,121
148,156,162,143,145,69,112,141,147,123,112,113
175,129,130,130,145,88,145,151,110,127,116,113
178,108,96,129,135,119,160,149,81,136,128,128
153,99,76,143,112,148,152,134,76,135,145,153
115,104,79,157,89,159,135,109,94,117,156,167
84,115,100,153,75,152,126,86,120,91,153,158
76,123,122,128,81,135,131,76,141,78,135,124
92,121,135,94,105,125,144,87,145,89,108,88
121,111,131,71,140,127,145,116,138,124,85,69
145,100,122,74,169,136,128,151,127,161,77,83
152,98,118,100,181,142,98,176,127,178,92,118
143,111,128,130,171,134,74,180,136,166,122,154
130,135,150,146,144,111,74,161,145,135,157,167
122,162,168,141,113,86,101,127,144,107,177,156
124,178,170,128,92,74,138,95,127,97,176,132
130,175,149,125,87,86,163,76,100,106,150,114
131,153,116,137,97,116,164,80,79,119,113,113
120,120,84,157,114,153,147,99,77,122,81,121
103,91,72,167,128,174,127,126,101,113,69,124
92,76,83,154,131,173,122,147,137,103,82,116
97,81,107,121,126,151,130,153,169,107,113,102
121,100,131,87,120,123,139,147,179,131,147,96
154,121,139,73,120,106,132,134,164,160,169,111
174,136,135,84,129,104,109,123,131,176,170,142
171,138,124,110,146,114,84,121,102,165,151,169
143,131,122,131,159,123,73,125,89,129,124,175
103,123,134,135,160,120,92,130,96,93,101,149
75,123,154,125,143,108,127,129,113,75,92,109
72,133,167,117,115,96,161,119,126,86,99,78
95,149,162,125,86,97,172,104,128,112,114,75
130,161,136,148,69,117,159,94,121,136,130,98
159,159,102,169,74,148,134,96,117,142,137,131
166,140,75,173,99,173,117,114,122,134,137,152
152,111,71,149,133,179,117,142,141,125,129,151
129,82,88,113,163,159,127,166,158,130,125,137
112,67,117,85,175,124,131,175,164,144,126,125
108,74,139,80,167,93,118,164,147,156,132,126
115,98,145,96,145,79,95,133,115,149,136,133
122,130,137,118,120,89,79,98,83,121,134,136
122,156,127,127,104,109,86,73,69,88,122,122
114,165,125,121,101,128,116,69,81,69,107,100
107,158,139,109,109,133,154,89,114,82,95,83
111,142,155,110,120,127,175,121,150,115,96,90
128,126,164,130,124,119,170,153,170,151,112,121
152,120,152,160,119,121,145,170,166,168,138,159
166,123,123,178,110,137,118,167,144,159,162,179
160,132,90,171,105,157,107,148,121,136,171,169
131,135,70,142,110,166,114,123,108,119,159,134
96,128,74,106,129,156,124,105,110,117,129,98
72,110,98,88,152,126,123,100,119,125,96,81
75,90,128,92,170,92,108,107,124,130,72,90
102,78,147,109,171,70,89,118,118,119,73,114
142,84,149,122,152,74,86,125,106,99,96,135
170,108,138,118,120,98,107,124,98,84,133,138
174,141,127,105,88,131,144,119,106,92,166,131
154,169,128,97,69,154,173,114,131,123,180,125
122,180,141,108,73,158,178,118,159,160,170,131
98,172,155,139,95,145,157,131,175,179,140,145
92,147,158,169,127,131,124,149,168,170,105,152
103,118,141,180,153,124,103,159,137,137,81,139
120,99,109,165,164,130,101,156,100,104,77,110
130,94,80,132,158,140,113,135,74,89,95,82
130,102,68,105,141,141,122,107,74,96,122,74
123,115,80,97,124,127,117,80,97,114,148,96
122,123,109,107,116,101,102,72,128,125,158,136
130,122,139,120,118,79,92,84,152,122,153,169
145,112,154,121,125,75,102,116,155,113,137,176
153,104,152,106,129,95,132,151,144,112,120,154
145,105,138,90,123,130,165,176,129,128,111,120
122,120,128,89,110,163,180,179,123,155,111,97
93,145,129,112,95,176,167,160,127,171,117,95
75,168,141,148,90,167,134,127,135,163,123,109
84,177,152,174,100,141,103,98,135,130,124,123
113,167,150,176,125,115,91,82,121,93,120,125
152,140,129,155,155,104,100,85,100,71,115,118
177,106,98,125,175,108,116,104,83,80,116,114
176,81,73,109,178,119,122,125,86,109,125,124
149,73,70,111,159,124,115,141,110,139,140,147
111,84,89,123,126,116,102,144,147,151,152,164
85,107,121,127,94,102,102,138,174,145,153,160
80,130,150,115,74,93,122,129,179,131,138,131
99,143,161,93,77,102,154,125,158,127,114,94
124,143,153,78,95,127,177,128,122,136,90,71
143,134,136,88,122,159,174,136,92,146,79,78
145,126,126,118,143,178,146,139,81,145,89,111
138,126,129,155,151,175,109,132,92,122,116,149
127,136,140,173,145,148,87,116,114,92,151,168
125,150,148,167,134,112,87,97,132,73,175,162
131,157,141,143,126,86,106,86,138,81,177,137
137,150,117,123,126,81,122,90,131,114,156,115
133,128,89,118,134,96,125,112,124,152,119,109
117,100,70,128,141,117,115,144,126,173,85,116
97,75,75,136,140,131,108,170,138,166,69,123
86,68,101,129,126,131,117,179,151,141,78,120
96,82,135,105,105,123,142,165,154,116,106,107
124,110,160,80,85,118,169,133,137,108,142,99
158,143,164,73,78,126,176,98,108,114,167,108
177,164,151,92,90,145,156,74,80,123,173,135
170,169,133,126,118,162,119,72,71,121,157,165
139,157,124,158,152,166,88,91,89,107,129,174
99,137,127,166,176,147,78,122,124,93,103,156
74,121,138,154,180,114,93,150,160,97,90,116
75,116,143,134,163,82,117,164,176,122,94,82
100,120,132,124,132,68,131,160,168,158,110,72
133,128,107,131,102,81,129,143,141,178,128,92
157,130,82,143,85,110,119,123,113,171,139,126
160,122,71,144,85,141,117,111,98,140,140,152
146,105,84,126,100,157,132,110,101,102,133,156
126,88,114,95,119,154,157,116,113,83,127,142
115,82,148,72,133,139,172,123,123,88,124,127
115,94,168,73,135,127,163,123,123,109,128,122
121,121,166,99,129,126,130,117,114,128,133,129
125,154,148,133,123,135,94,108,109,132,133,134
119,176,128,155,123,143,73,106,115,124,124,125
107,181,120,155,133,138,82,115,136,119,111,106
101,165,125,139,148,118,107,135,160,127,99,87
109,135,135,128,157,92,131,155,170,148,97,89
132,108,137,131,152,74,140,167,159,164,109,114
158,91,123,147,133,79,131,161,127,160,133,152
170,90,99,157,104,107,123,137,91,131,157,177
160,103,77,148,79,143,126,104,70,94,169,173
127,117,75,119,70,171,145,78,75,70,161,141
91,126,94,86,82,175,163,69,103,77,135,103
69,123,128,69,112,158,164,84,138,106,102,80
77,115,160,79,147,130,140,116,161,141,76,85
107,108,173,109,171,110,103,151,163,159,71,109
145,112,164,137,177,104,75,174,148,154,91,133
170,129,142,147,162,112,73,176,127,137,126,142
170,152,122,139,135,122,95,157,116,125,161,135
148,170,116,127,111,122,126,127,117,126,179,127
119,174,122,126,98,111,146,101,125,136,174,128
100,157,131,142,98,97,145,88,127,138,146,139
99,126,131,161,109,94,132,93,119,123,110,149
109,94,116,165,121,109,126,109,102,98,83,142
122,73,93,146,125,139,134,125,91,78,75,117
127,72,77,110,120,168,150,135,96,83,90,88
122,90,82,80,112,180,160,134,120,113,117,74
117,116,107,73,110,167,146,128,153,152,145,91
120,139,143,90,118,135,114,124,176,176,159,129
134,150,169,117,136,101,82,127,176,172,157,165
151,145,175,135,157,82,68,136,149,144,141,178
158,136,160,134,169,85,85,146,112,114,123,161
147,126,134,123,164,104,117,147,82,99,110,126
118,127,115,118,140,123,147,135,75,104,107,98
88,137,111,130,107,132,155,114,91,117,113,91
72,148,119,155,79,128,146,91,118,122,121,104
84,152,128,172,67,120,130,79,141,115,125,121
118,141,125,168,78,119,127,86,148,103,123,128
156,117,109,140,107,131,138,111,140,103,118,123
178,91,89,103,139,153,150,146,130,122,117,117
173,71,80,80,162,166,148,172,126,153,123,122
144,72,91,82,168,162,124,181,132,175,136,140
109,92,121,102,156,136,92,166,143,171,148,160
86,124,156,122,136,101,70,133,143,141,151,161
86,155,176,128,119,74,76,99,129,101,141,138
104,171,174,118,112,70,106,76,103,78,119,100
126,170,152,109,115,90,142,76,81,81,95,73
139,152,125,114,122,122,162,94,78,104,81,74
139,130,108,138,126,149,158,122,98,130,87,103
131,115,107,166,120,157,140,147,134,141,111,143
126,111,117,178,108,148,126,156,168,136,145,169
129,117,125,165,96,133,126,152,180,126,171,166
138,125,121,131,95,125,138,137,166,127,178,143
143,127,105,99,109,129,143,124,134,141,161,117
134,117,88,86,135,139,131,118,103,155,126,106
113,102,85,95,163,143,104,120,88,155,91,111
91,89,103,113,177,133,78,126,93,131,69,121
82,88,135,123,172,109,73,128,110,97,74,122
96,105,167,116,147,83,95,121,126,72,99,112
128,134,180,102,113,73,132,109,130,75,136,102
163,164,170,99,83,86,162,99,124,104,165,107
179,180,143,116,71,120,168,98,118,142,175,129
168,177,115,148,79,155,153,112,122,165,162,159
135,155,101,174,104,175,130,136,138,163,134,173
96,123,104,179,131,171,119,161,156,142,106,161
74,97,116,157,151,148,124,173,162,123,89,124
79,84,123,123,154,121,134,165,148,117,90,86
105,89,118,100,146,107,132,138,118,124,105,71
136,105,103,98,132,107,115,103,85,131,125,85
155,121,90,110,124,117,89,76,69,123,140,119
155,129,93,122,125,124,75,68,80,104,143,150
140,126,115,118,131,119,88,85,111,86,137,159
125,118,148,102,138,105,121,116,148,87,129,148
118,113,174,88,134,93,158,150,170,112,123,130
122,119,180,94,119,97,174,171,168,151,124,120
127,136,162,121,100,118,165,171,148,177,129,124
126,157,131,157,84,151,139,153,122,175,131,131
115,170,105,177,83,175,117,126,107,147,126,127
101,167,95,173,100,178,112,105,107,113,115,111
96,145,102,147,131,157,121,97,116,92,103,92
109,113,116,119,162,122,128,102,123,94,99,88
136,83,123,107,180,92,122,114,120,110,108,108
164,69,116,113,177,81,101,125,109,124,128,145
174,75,102,124,152,91,83,128,100,123,152,174
159,98,93,125,120,111,85,124,106,114,166,176
123,126,102,110,91,128,111,119,128,110,163,149
87,148,127,88,79,132,149,119,157,122,140,109
69,155,160,79,86,124,174,128,174,149,108,81
80,148,179,95,105,117,175,143,169,170,80,80
111,135,176,129,126,122,151,155,140,169,71,103
148,126,152,162,139,139,121,155,102,141,87,130
168,127,119,175,139,159,105,138,75,102,119,144
165,136,96,162,132,168,108,112,72,75,156,140
143,146,90,137,125,155,120,86,94,75,178,130
118,145,102,119,126,124,123,73,125,100,177,127
104,131,117,118,135,90,113,83,151,131,152,134
105,108,123,129,148,70,95,110,157,149,116,145
115,84,116,135,152,75,88,147,147,146,85,143
123,71,104,123,144,101,103,173,131,133,73,122
123,79,99,99,122,133,137,180,122,127,84,94
115,104,112,76,96,153,169,164,125,133,111,76
112,138,139,75,75,156,180,132,132,145,141,87
120,165,168,101,74,142,163,100,134,148,160,121
138,176,180,137,93,129,129,81,123,131,161,160
158,168,169,163,125,125,103,81,102,100,147,178
162,145,139,166,159,133,96,98,86,76,125,167
146,122,106,149,177,143,107,122,86,75,110,133
114,108,87,130,175,142,120,142,108,103,104,101
82,106,88,124,155,125,120,148,144,142,109,88
71,114,104,133,125,99,108,143,173,169,119,98
86,123,120,144,102,77,96,132,180,170,126,118
122,124,125,141,92,75,101,125,161,148,126,129
159,115,117,117,97,97,126,124,125,122,123,127
177,101,106,88,111,133,160,130,93,109,119,120
169,92,106,69,123,165,179,135,79,113,122,121
139,96,122,78,127,176,171,132,89,123,132,135
107,116,150,109,122,164,141,120,111,123,144,154
89,146,173,142,116,138,106,102,132,110,149,160
92,171,178,158,115,115,89,90,140,94,141,142
109,181,159,152,124,105,94,91,134,92,123,108
127,171,125,136,142,111,111,109,126,113,100,77
135,143,95,127,160,121,123,139,126,148,85,72
132,111,81,134,166,124,120,166,136,175,86,97
126,87,89,149,155,114,108,178,149,176,107,136
125,80,108,156,127,99,104,168,153,150,138,167
133,90,124,141,96,92,119,138,138,112,166,171
145,109,127,109,72,102,148,102,111,86,177,149
147,126,119,79,69,130,173,76,82,85,165,121
134,133,110,69,87,162,176,69,72,103,133,104
109,129,113,86,119,179,152,86,87,124,97,106
85,121,132,117,151,173,114,117,121,131,72,117
78,118,158,142,169,145,87,148,158,125,71,123
97,125,175,148,169,110,83,166,176,118,94,117
133,142,172,137,151,86,99,165,170,123,129,106
167,160,146,126,130,83,120,148,144,143,162,106
180,167,111,129,112,98,128,126,114,162,176,124
165,158,84,147,107,119,122,110,97,164,167,153
130,132,77,163,112,131,112,105,98,141,140,171
95,100,92,162,120,129,116,111,110,104,110,164
76,75,113,136,124,120,137,120,122,74,89,131
85,68,130,101,119,117,163,124,124,72,86,93
109,81,130,75,108,127,175,121,117,97,100,70
137,109,122,74,99,148,160,113,111,131,121,80
150,138,115,97,102,165,125,110,115,156,140,112
148,156,120,124,119,166,90,115,133,156,146,147
134,159,140,138,145,146,75,130,157,141,142,162
124,148,163,133,167,111,87,150,168,127,132,153
123,133,174,122,176,80,112,163,160,126,123,134
129,124,163,120,164,69,132,161,129,134,122,119
132,125,132,136,134,83,133,141,94,141,125,120
126,134,98,160,100,113,124,110,71,129,128,127
110,141,76,173,75,142,119,82,73,105,127,128
94,138,77,162,70,156,128,70,100,81,118,116
92,122,97,129,86,151,151,81,135,78,108,97
109,100,120,94,114,136,168,110,162,102,102,90
141,80,135,77,142,126,164,147,165,141,107,104
169,74,134,86,158,127,136,173,150,171,124,138
176,89,124,108,157,138,99,178,129,175,146,169
157,117,119,126,145,144,74,162,115,153,162,178
119,151,126,127,129,138,77,131,115,122,163,156
84,173,147,116,121,116,101,103,122,102,144,116
69,178,165,109,122,89,129,86,127,102,114,83
83,163,169,120,129,73,143,88,120,114,86,77
116,136,152,146,133,80,138,104,105,123,72,96
150,113,118,172,128,109,127,123,93,117,83,126
165,101,87,177,114,145,125,136,96,104,113,145
159,103,71,157,96,171,139,139,118,100,150,145
138,113,80,121,85,174,157,133,150,114,176,134
118,122,105,93,90,155,162,126,175,145,179,126
108,122,129,86,112,128,145,125,176,171,158,130
112,113,142,99,144,110,109,132,153,175,122,140
120,102,137,117,170,107,78,141,115,151,89,142
123,96,127,123,181,115,70,144,83,112,72,127
117,105,123,113,170,124,89,136,74,82,80,100
108,127,132,101,140,122,122,118,88,78,105,79
107,156,151,102,107,108,146,96,116,98,137,84
120,175,165,123,82,94,150,82,141,123,160,114
143,178,162,156,76,93,138,86,150,139,164,154
163,161,139,178,90,110,128,107,143,136,152,177
166,129,105,175,112,142,130,140,131,127,129,172
144,98,77,148,133,170,145,169,125,125,110,140
109,79,70,115,144,180,156,180,130,137,102,105
78,78,86,97,142,165,148,169,140,154,105,87
70,94,114,99,133,132,120,138,141,158,115,93
89,116,139,113,126,99,87,103,130,140,125,113
126,133,147,122,127,83,69,77,106,106,129,129
162,138,140,115,135,87,80,72,84,76,126,131
175,132,128,98,146,106,111,89,78,71,122,125
164,124,126,89,147,125,144,117,97,95,122,121
134,122,136,100,135,131,159,145,131,131,129,131
106,130,153,131,113,125,152,159,166,161,140,149
93,145,162,165,89,117,135,157,180,165,145,158
98,160,153,179,74,118,126,142,168,148,142,147
114,162,125,168,80,134,132,126,137,127,127,115
127,148,93,138,104,155,145,115,105,118,106,83
130,119,71,113,139,168,147,115,87,123,89,71
125,89,72,106,168,162,129,121,90,131,87,90
121,70,95,115,180,134,98,125,108,127,103,129
125,70,125,125,171,98,73,123,126,109,132,164
139,91,148,122,145,73,74,114,132,88,161,174
152,121,151,104,114,72,100,104,127,83,176,156
151,150,141,84,93,93,137,101,120,103,168,125
133,163,129,82,88,124,162,111,122,140,139,104
104,161,127,103,98,149,163,132,135,172,103,102
79,146,138,140,114,156,146,156,153,178,75,113
77,129,152,168,127,146,127,170,161,157,69,122
99,121,157,174,130,131,123,166,149,121,88,121
137,123,142,157,126,126,131,142,120,96,123,111
170,131,113,130,119,131,140,109,88,92,158,107
180,136,83,116,119,142,133,79,69,106,176,120
162,132,68,120,129,145,109,68,78,121,172,146
125,115,78,130,146,132,83,80,108,124,147,168
93,94,106,133,160,106,73,111,146,115,114,166
79,79,137,117,161,81,90,146,170,108,90,138
90,80,156,92,144,73,126,170,171,117,83,99
114,100,154,74,116,88,160,174,150,141,95,72
137,131,141,81,86,123,172,158,124,166,117,76
146,162,128,110,69,157,159,130,106,172,139,105
141,179,128,146,74,174,134,106,105,151,148,141
130,176,138,167,98,169,118,93,114,113,146,163
125,155,150,163,132,145,118,96,122,81,135,159
129,126,149,144,162,120,128,109,121,72,124,138
136,104,131,126,174,107,132,123,111,92,119,120
137,95,101,125,167,110,119,130,103,123,121,116
124,100,75,136,145,120,95,129,106,145,125,122
104,113,69,144,121,124,78,123,126,147,126,127
88,122,86,136,105,117,85,121,154,136,121,120
89,122,119,109,103,102,115,126,172,126,112,103
111,114,149,80,110,91,153,139,169,131,105,92
146,104,162,70,120,97,175,150,142,144,107,101
173,103,156,85,124,121,170,152,105,151,121,130
177,114,139,119,118,154,145,140,76,138,141,164
154,138,127,149,109,177,119,116,71,109,158,177
114,163,127,160,103,178,109,91,91,80,162,162
82,177,138,150,110,154,115,76,123,72,147,123
72,173,146,132,128,119,125,81,151,93,120,87
88,149,141,127,153,91,124,106,159,131,91,74
120,116,120,137,170,82,107,141,150,164,74,90
150,87,91,152,172,94,89,170,133,171,81,120
161,73,71,153,153,114,85,181,122,155,107,145
153,80,74,133,121,128,106,169,122,128,144,149
133,100,98,100,89,129,142,138,129,112,172,139
118,124,132,73,69,121,172,103,133,112,180,127
114,140,160,71,72,116,178,81,124,122,164,127
119,143,166,94,95,122,157,77,105,125,129,136
125,135,154,126,126,142,125,94,88,114,94,140
122,126,135,147,152,162,104,118,87,97,73,130
111,125,123,147,163,169,102,141,107,90,76,106
101,133,125,134,158,154,114,151,141,105,99,84
103,147,135,126,141,121,123,149,171,138,132,82
122,157,141,132,125,87,117,136,180,170,159,108
149,155,133,151,117,69,101,126,163,179,167,147
169,136,110,164,119,77,91,122,127,160,157,175
167,108,84,157,126,104,101,125,95,122,134,176
142,80,71,126,129,135,130,130,78,92,112,147
105,68,82,92,123,153,165,131,86,84,100,110
75,76,111,71,110,153,180,122,109,98,101,86
70,102,146,79,95,140,168,107,131,119,111,88
93,134,168,104,89,128,135,95,142,130,124,108
130,160,168,130,99,126,104,93,137,126,131,128
163,168,151,139,124,136,92,107,128,118,130,135
172,161,130,131,154,145,101,133,126,120,126,129
158,142,119,121,176,142,116,161,133,137,123,123
130,124,122,123,178,123,122,175,146,159,127,128
107,117,132,143,160,96,114,170,151,167,135,143
98,119,136,164,127,75,101,143,139,151,143,155
105,128,125,172,95,75,101,107,113,114,141,149
118,132,102,154,75,99,121,79,85,81,130,121
126,125,80,119,77,136,154,68,73,69,110,89
124,109,74,87,95,166,177,81,85,88,93,71
118,91,92,76,121,175,175,111,118,122,88,85
117,81,125,90,142,161,147,145,156,150,100,121
127,88,159,114,149,135,110,166,177,157,126,160
145,112,173,129,144,114,88,169,172,144,156,175
158,145,167,126,134,107,88,154,147,129,173,162
154,171,145,115,126,113,106,129,116,125,170,131
130,181,123,111,127,123,122,110,96,133,145,105
99,171,115,126,134,123,124,102,95,141,109,98
75,144,119,154,143,112,114,105,108,135,79,107
76,115,129,174,141,96,107,116,121,112,68,121
103,95,131,174,127,90,116,123,126,86,83,123
142,90,117,148,105,103,142,125,120,75,116,116
172,100,96,111,85,132,168,119,113,93,153,110
178,114,79,88,77,165,176,114,116,130,176,118
157,124,81,87,89,180,157,116,131,165,175,140
121,124,105,104,117,172,120,127,154,176,153,163
93,116,140,120,151,142,89,145,167,161,119,167
84,108,169,122,175,108,79,158,160,129,92,144
96,109,176,111,180,86,94,159,132,107,81,106
118,123,163,100,164,85,116,143,97,102,90,75
136,146,136,106,133,101,131,115,71,112,112,72
140,167,116,132,103,120,127,87,72,122,136,98
134,175,109,164,86,130,118,71,97,119,150,136
126,164,116,180,86,126,116,79,132,106,150,162
127,136,126,170,100,118,132,105,161,98,140,164
135,103,126,139,119,116,157,142,167,108,126,144
144,77,112,107,131,128,172,171,154,136,118,122
139,71,92,94,134,150,163,180,131,166,117,113
123,84,81,101,128,167,131,167,115,178,122,118
99,109,90,116,122,167,95,137,112,161,125,125
82,133,119,122,123,143,74,105,119,123,123,122
87,147,153,112,133,108,81,85,125,89,116,108
114,146,176,95,148,78,107,84,121,77,109,96
151,138,176,90,158,69,130,98,108,91,108,99
176,127,155,107,154,86,139,120,96,117,118,124
176,126,127,141,133,115,130,137,97,136,137,158
149,134,108,171,105,143,122,143,116,137,154,176
111,147,105,179,79,154,126,138,148,128,160,166
80,153,114,161,69,148,145,130,172,123,150,131
75,146,124,130,82,134,163,125,176,133,125,92
93,125,122,109,110,126,165,128,155,151,96,73
124,97,108,106,145,130,141,135,117,160,77,84
149,75,91,117,171,141,104,140,85,148,78,114
156,70,86,126,176,147,76,136,72,116,102,143
146,84,101,119,162,137,73,121,86,82,137,153
130,115,132,99,136,113,95,101,113,69,168,144
120,147,165,82,112,86,125,87,140,85,180,130
120,168,180,86,99,71,145,86,152,121,168,125
126,171,172,113,99,82,143,104,146,154,136,131
128,158,145,149,110,112,132,135,134,165,99,138
120,135,117,173,121,149,126,165,125,153,74,132
105,118,100,172,124,171,133,179,128,132,72,112
95,112,101,149,119,172,152,172,137,120,94,89
101,116,113,125,111,152,160,143,141,122,126,82
124,124,123,115,108,126,147,107,131,131,156,102
155,128,119,121,117,110,116,79,109,131,169,139
173,120,105,131,136,109,82,70,86,115,162,172
168,105,92,131,158,118,69,84,78,92,139,178
139,90,93,110,170,125,84,112,95,81,115,155
100,86,113,86,165,120,116,143,128,94,99,116
73,98,146,73,141,105,145,161,164,129,97,87
72,125,172,88,108,92,155,162,180,165,107,83
98,156,181,120,79,92,145,147,171,179,121,102
134,177,165,155,68,112,130,129,140,165,132,126
163,180,134,169,78,145,127,114,106,131,133,137
168,162,106,160,105,172,139,111,86,102,130,134
152,132,94,138,138,180,151,115,88,92,125,126
127,103,99,124,161,163,149,122,105,102,125,126
108,87,114,126,167,129,125,124,124,118,131,139
104,87,122,137,156,98,93,118,133,124,139,151
112,101,118,143,136,83,71,109,130,117,140,150
121,118,105,129,119,90,75,104,123,108,131,127
124,127,96,101,113,109,105,110,122,111,115,95
118,127,101,76,116,125,140,128,133,134,98,74
111,119,125,71,123,129,160,151,150,161,90,81
114,112,157,94,126,122,158,166,159,174,98,114
130,116,177,128,120,115,140,166,150,161,121,154
151,131,177,155,107,118,126,145,122,124,150,176
164,153,154,159,96,136,127,114,91,88,170,168
156,169,121,146,94,158,138,84,71,72,171,138
127,170,96,130,108,170,145,68,77,85,150,107
94,153,89,128,135,161,132,77,106,115,115,95
72,122,99,140,162,131,104,105,143,140,84,102
77,90,115,153,177,96,78,141,170,147,68,117
107,71,123,149,173,72,73,169,172,138,79,125
146,72,119,124,148,73,94,177,154,127,109,121
174,91,106,92,114,96,131,164,125,129,147,113
175,119,101,70,84,126,161,135,106,141,174,116
152,143,111,75,71,149,168,108,102,152,178,134
118,153,137,102,80,153,153,91,111,144,159,157
94,150,165,134,103,143,130,91,121,118,125,166
89,137,179,150,131,130,120,105,123,87,95,149
102,128,171,145,149,126,125,121,114,70,80,114
121,126,142,132,154,134,135,132,105,85,85,80
133,134,108,126,145,145,133,134,107,120,107,70
134,144,87,137,132,146,115,128,124,156,133,91
126,147,86,155,124,130,89,124,151,171,150,129
124,137,101,164,125,103,75,125,170,161,154,161
130,115,119,150,133,78,86,134,170,135,145,167
142,89,126,116,138,72,120,144,145,116,128,150
149,73,120,84,135,91,156,150,107,112,118,125
142,74,109,70,120,125,173,140,77,120,114,111
119,96,107,84,99,159,165,121,70,126,118,113
93,128,120,112,83,174,140,96,88,118,123,121
77,159,147,135,82,166,118,80,121,101,124,123
87,175,171,139,99,142,114,81,150,88,120,113
117,171,177,129,130,119,122,103,161,97,113,100
156,152,162,120,162,109,129,136,153,128,110,99
178,128,128,127,180,112,122,167,135,163,117,119
174,111,96,148,177,122,102,181,122,180,132,151
145,106,80,168,154,125,83,172,120,168,149,173
107,113,86,169,120,115,84,143,127,133,158,170
81,122,105,145,93,99,109,107,131,99,152,138
78,125,123,109,80,89,148,81,125,84,129,98
99,117,129,81,86,97,174,74,108,94,102,73
127,103,122,77,105,123,174,88,91,114,81,79
147,92,113,96,125,157,151,114,87,128,78,107
150,92,113,120,137,178,122,140,105,127,97,139
139,109,130,130,138,177,106,155,138,118,130,155
128,138,155,124,131,151,109,153,169,117,163,149
122,165,173,114,125,117,120,141,180,131,179,134
127,180,173,114,126,91,124,127,165,155,172,123
133,176,149,132,136,84,112,119,130,168,143,126
130,151,114,161,148,97,95,120,96,158,105,134
117,119,85,177,154,116,87,125,77,125,76,133
99,92,76,169,145,128,102,129,84,89,70,117
90,81,89,137,123,127,136,124,106,70,88,95
100,87,111,103,96,118,169,112,130,81,120,84
128,104,129,84,75,114,179,100,143,112,153,97
160,122,133,89,73,123,163,96,140,143,170,132
176,132,124,108,91,144,130,106,130,156,166,167
167,130,117,123,124,165,104,129,126,148,145,179
135,122,119,121,158,170,97,156,131,132,118,161
96,117,138,108,176,152,108,172,143,126,99,123
72,122,160,101,175,118,120,170,149,131,94,90
75,138,173,112,155,85,120,147,140,142,103,80
102,156,165,141,126,70,107,113,116,139,118,96
137,168,135,171,103,79,95,82,88,119,131,121
161,163,101,180,93,107,100,68,73,91,137,139
163,140,76,163,98,137,125,77,84,75,133,138
146,109,76,129,111,152,159,106,116,85,127,130
124,80,94,101,123,150,179,141,153,119,125,126
111,68,119,93,126,137,172,166,176,157,128,134
110,76,136,104,121,127,141,172,175,176,135,147
118,101,136,119,114,128,107,159,149,167,137,149
123,130,127,121,114,139,90,134,118,138,132,132
120,153,120,108,123,147,95,111,96,112,119,102
111,158,125,93,143,143,111,99,93,102,103,77
105,151,144,93,160,120,123,100,105,110,93,78
113,137,163,116,167,93,119,111,120,121,97,107
134,125,169,151,156,73,107,122,127,121,117,148
158,125,154,176,128,76,103,127,123,109,144,175
168,133,121,177,97,102,117,124,115,98,166,173
156,140,89,153,73,138,148,119,116,102,171,145
123,141,71,122,69,167,173,117,130,127,154,111
89,128,78,105,86,173,177,125,151,159,122,93
69,106,102,107,118,158,153,140,165,177,89,97
79,84,128,119,150,133,115,154,160,169,70,113
111,73,143,125,169,114,88,157,135,134,76,125
150,82,140,114,168,109,84,145,99,97,103,125
173,108,129,94,152,117,100,119,73,78,141,117
171,142,123,81,130,125,120,92,71,86,171,116
147,169,130,92,113,123,127,74,94,110,179,130
116,178,147,123,108,109,120,77,130,131,164,152
96,168,163,158,113,94,111,101,161,137,132,164
95,144,162,176,121,89,115,136,169,129,99,154
108,119,141,168,124,104,136,168,157,123,79,120
123,104,108,142,118,136,163,181,133,129,81,85
130,102,79,120,107,167,175,171,115,147,101,69
127,111,69,114,98,180,161,142,110,161,128,86
121,121,84,123,101,170,126,108,116,155,150,122
122,123,112,132,118,139,92,85,124,126,157,158
134,116,138,126,145,106,76,80,122,91,149,170
148,103,148,105,168,86,88,93,111,70,132,157
155,96,143,81,177,88,112,116,98,78,118,130
142,100,131,76,165,104,130,137,98,110,111,111
116,121,125,95,135,122,133,146,114,146,114,109
87,148,134,131,101,129,123,144,145,163,120,117
74,172,150,162,76,123,118,134,170,157,124,123
88,180,160,170,70,115,128,126,176,137,122,118
122,168,154,155,86,116,151,125,157,122,117,105
159,139,128,133,113,130,169,130,120,122,113,101
179,106,95,122,141,153,166,136,87,131,116,115
171,82,72,127,157,169,137,135,72,133,128,144
141,78,71,140,156,166,100,124,82,121,144,169
104,89,92,140,144,141,74,106,111,98,155,172
82,110,123,123,129,105,77,91,139,81,152,145
84,129,148,93,122,77,100,88,153,88,134,105
104,137,153,72,123,71,128,102,149,118,108,75
129,134,144,75,130,88,141,129,136,156,86,75
144,125,131,102,134,118,137,160,125,178,78,100
144,121,126,138,129,144,126,177,126,171,94,135
133,126,136,159,114,153,124,173,134,142,123,156
126,142,150,158,96,145,139,148,139,109,158,154
126,158,155,141,84,132,158,113,131,94,177,138
134,164,143,128,89,126,164,82,111,100,175,124
139,153,115,130,111,132,146,68,89,115,148,122
131,128,85,143,142,143,110,80,80,123,112,129
112,97,68,153,170,148,79,107,94,118,80,132
92,73,76,144,181,137,70,140,126,108,69,121
85,68,103,115,170,111,89,162,161,108,83,101
100,83,135,84,142,83,120,166,180,126,114,86
132,112,156,68,108,72,145,153,173,155,148,94
165,142,157,81,83,83,148,132,143,173,170,125
179,161,143,111,77,115,138,114,108,168,170,161
166,162,130,141,90,151,127,107,85,135,151,179
130,150,126,152,111,171,130,110,85,97,123,167
93,133,136,143,133,170,145,118,102,74,99,130
72,123,148,130,142,149,157,124,123,80,91,94
79,122,149,127,141,125,149,122,134,106,98,78
107,130,133,141,133,110,121,114,133,135,114,90
139,137,104,158,125,112,88,108,125,145,130,116
159,134,77,162,128,121,69,111,123,140,139,138
157,121,69,142,136,126,79,125,131,129,137,143
141,99,84,106,146,119,110,146,147,127,131,134
123,81,116,78,149,103,143,162,157,139,126,126
115,77,148,71,136,89,158,164,150,151,125,130
117,92,163,91,114,92,151,148,125,150,130,142
124,122,158,119,89,114,134,119,94,126,134,148
124,155,142,139,74,148,126,88,72,94,133,135
116,176,127,139,79,175,133,70,75,72,122,109
104,178,125,127,103,179,146,75,103,78,107,82
100,161,134,121,138,160,148,101,141,109,96,77
112,134,144,132,167,126,129,137,169,147,97,100
138,109,141,154,180,97,99,167,174,169,113,141
163,97,122,170,171,85,73,179,156,165,139,172
171,99,94,165,145,93,73,168,128,142,162,176
155,110,73,135,115,112,99,141,106,119,170,152
119,121,73,99,94,126,135,110,100,113,158,116
84,123,95,77,89,127,162,90,108,119,128,93
69,116,130,80,98,119,163,87,120,127,95,92
82,105,159,102,114,113,146,99,123,122,72,108
115,101,168,124,127,119,128,118,117,105,73,124
152,109,157,131,129,139,123,133,108,89,98,129
171,131,137,123,124,161,133,138,108,92,134,122
166,157,123,113,118,171,140,134,123,118,167,118
142,175,123,117,118,160,135,127,148,154,180,126
114,176,132,140,129,128,110,125,168,178,169,146
100,157,140,166,147,93,83,130,170,174,138,161
101,125,133,177,160,71,73,140,147,144,103,156
114,94,113,162,162,74,89,145,110,108,80,127
124,75,87,127,146,99,125,141,79,87,77,92
125,77,72,95,116,128,159,123,69,90,95,70
120,94,80,82,87,149,171,101,86,109,124,80
116,118,108,93,69,151,159,84,118,125,149,115
122,136,144,113,73,140,135,82,149,127,159,153
138,142,168,124,97,128,119,99,163,119,154,171
155,137,170,119,131,127,119,130,156,115,137,162
158,128,154,106,161,137,130,163,138,125,119,135
142,124,131,103,173,147,132,179,121,149,110,112
111,130,119,119,166,147,120,174,118,167,110,105
82,144,120,150,146,128,95,149,124,164,116,112
72,157,130,175,121,101,78,112,129,136,123,122
90,158,134,178,106,76,84,83,126,98,125,121
126,143,126,154,104,72,114,72,110,73,121,110
163,116,104,120,111,93,152,83,94,75,116,103
179,87,82,96,120,128,174,109,88,103,117,112
168,69,75,94,124,160,170,138,104,136,126,138
136,72,90,107,118,173,145,156,135,154,140,164
102,93,123,120,108,164,120,158,166,150,151,172
85,125,156,119,102,139,110,146,179,136,151,151
90,154,174,105,108,118,116,130,167,126,137,112
109,167,169,92,127,110,126,118,134,130,113,79
130,163,148,98,152,115,124,116,97,141,90,71
140,147,124,125,171,124,107,120,77,142,80,94
136,128,113,160,173,125,88,126,81,127,90,129
129,118,117,179,154,114,84,125,104,98,118,156
125,119,126,173,122,96,104,116,129,76,151,159
132,126,131,145,90,87,141,105,144,79,175,143
141,132,119,115,70,98,172,99,143,107,176,125
144,129,99,103,73,126,177,106,133,147,155,119
130,114,81,109,94,159,158,125,126,173,118,124
108,95,81,121,125,179,126,150,129,171,85,130
86,82,103,124,151,175,105,168,140,146,68,124
82,84,137,109,162,148,103,170,148,118,78,106
101,104,167,90,157,114,115,151,140,104,107,90
137,136,177,82,141,90,123,118,118,108,143,92
169,165,165,99,126,86,117,86,91,120,168,118
180,180,139,133,118,100,101,68,75,122,173,155
163,175,116,166,120,118,90,75,83,112,157,177
126,153,108,177,127,128,100,101,113,98,128,171
91,122,114,162,130,124,130,136,151,98,102,138
74,99,124,135,124,116,164,165,176,118,89,99
84,91,126,116,109,113,180,175,176,151,93,77
112,97,114,114,94,124,168,164,153,175,110,84
141,111,95,125,88,148,136,138,119,174,128,110
155,122,83,132,97,167,105,112,96,145,141,136
151,124,89,121,123,170,94,96,90,107,141,146
135,117,116,98,153,150,101,95,102,82,135,139
123,108,151,78,175,115,117,106,119,82,127,128
120,107,175,78,179,83,122,120,128,103,124,127
124,118,177,105,161,70,113,129,125,127,127,136
129,140,158,141,128,82,100,129,118,136,131,145
124,163,129,167,96,110,100,123,117,130,131,138
111,175,108,168,76,138,121,120,128,122,124,114
97,169,103,150,77,151,153,124,148,126,111,88
96,145,112,128,95,147,177,135,163,142,100,77
113,112,122,121,120,134,175,148,160,160,99,95
143,83,123,130,140,126,148,154,137,159,110,133
168,71,110,140,149,130,111,146,102,136,133,168
173,79,93,137,143,142,89,123,74,100,157,178
153,102,87,115,133,149,89,97,71,73,168,159
115,127,99,86,126,142,106,77,91,73,160,122
81,144,130,71,127,119,122,77,128,100,133,94
69,147,162,81,136,90,123,97,159,137,101,88
85,139,180,112,143,71,113,131,171,160,76,103
120,129,174,147,142,77,106,164,159,160,72,122
153,126,148,162,128,105,115,180,136,142,92,132
169,132,118,156,106,141,142,174,115,125,127,127
160,145,100,137,84,167,168,148,108,122,162,120
137,153,99,126,76,172,177,112,114,129,180,124
114,150,111,132,88,155,158,86,122,135,173,141
104,132,121,145,116,131,121,76,123,126,145,156
109,105,121,152,151,114,90,88,113,104,109,157
118,80,108,136,175,111,80,111,101,83,82,133
124,68,94,106,180,119,94,135,99,82,74,98
120,79,93,77,164,126,116,150,114,107,90,73
112,105,111,69,134,122,130,148,141,146,118,76
111,139,143,88,104,107,126,140,168,174,147,107
122,164,171,121,87,91,116,127,176,176,160,147
144,172,181,147,87,88,115,123,159,150,158,171
161,162,167,152,100,106,131,125,123,117,141,168
162,141,137,140,119,138,158,131,89,97,122,142
140,123,107,128,131,169,173,132,70,98,108,114
106,113,93,129,133,181,165,126,81,112,106,102
78,115,97,145,127,168,132,111,108,122,112,107
71,123,111,160,121,136,96,96,138,120,121,119
93,129,122,158,122,104,76,91,155,109,126,123
131,124,120,132,133,87,81,101,152,105,124,115
165,109,108,97,149,90,107,125,138,119,120,106
177,93,98,72,159,107,129,154,126,147,118,110
163,85,101,74,155,123,138,173,124,171,124,131
131,93,123,98,134,127,129,174,131,172,135,159
102,116,154,126,106,121,121,153,137,147,147,171
89,148,176,141,79,113,125,118,132,107,150,157
96,173,178,138,69,115,145,85,114,78,139,120
114,181,157,125,80,132,164,69,92,76,118,84
130,169,124,123,109,156,166,76,81,98,95,70
135,141,97,137,144,171,143,102,92,127,82,87
129,111,87,159,170,166,105,136,123,144,88,123
124,90,96,170,176,138,76,162,159,141,113,154
126,86,113,158,162,103,73,169,179,131,146,163
138,97,123,125,137,75,95,158,174,126,171,149
148,114,121,91,113,72,124,136,145,135,177,128
147,125,109,74,100,91,143,115,110,150,160,117
129,127,102,84,101,120,142,104,85,153,124,120
102,120,110,109,111,145,131,105,83,135,90,127
81,112,134,128,121,151,125,114,99,103,69,125
80,113,163,131,124,142,134,122,122,75,74,111
104,126,179,121,118,130,152,124,135,73,101,95
141,147,173,113,110,126,161,119,136,98,137,92
172,166,145,122,107,134,149,113,127,137,167,112
179,172,110,147,116,147,116,113,123,165,175,148
159,160,87,171,136,150,83,123,129,168,162,174
121,131,84,175,157,135,69,141,144,148,133,174
89,99,98,153,171,108,83,157,155,125,105,145
76,75,117,117,166,81,115,162,150,114,88,105
90,70,126,89,143,70,144,150,127,118,89,78
116,84,122,82,109,85,153,123,97,127,105,80
141,111,112,97,80,117,144,94,73,125,126,104
150,137,108,117,67,153,130,73,75,109,141,134
144,151,119,125,78,171,128,74,100,91,144,148
131,151,144,117,104,167,139,96,138,88,139,145
124,140,169,105,137,146,152,131,168,108,129,132
125,129,177,106,160,123,150,164,176,145,123,126
132,126,163,127,166,112,126,179,159,174,123,132
133,132,131,159,156,114,93,172,130,178,127,141
123,143,98,178,136,123,70,146,106,154,130,140
105,149,80,173,120,127,75,114,98,117,125,119
91,142,83,145,114,117,104,90,105,91,116,94
93,122,102,111,117,100,139,83,118,89,104,79
115,96,122,92,124,87,160,94,124,104,101,91
148,75,130,95,127,92,157,114,119,122,109,125
173,71,125,111,120,116,140,133,110,128,128,163
174,88,115,122,107,151,127,141,109,120,152,179
150,119,114,117,95,176,128,139,121,113,165,165
110,151,127,101,93,179,140,131,145,120,161,129
79,172,152,92,107,158,145,125,166,143,139,97
71,173,171,104,134,123,133,127,169,165,107,85
89,158,173,135,162,96,105,134,149,169,80,97
124,134,152,167,178,86,78,141,113,146,72,119
154,115,117,180,174,96,72,139,81,108,87,132
164,108,87,167,149,114,93,126,68,77,121,131
154,112,75,136,115,126,130,106,83,72,157,124
132,121,86,110,85,125,160,89,115,94,178,123
115,125,109,101,72,116,167,83,148,127,177,135
110,120,128,111,80,111,152,97,164,150,151,152
115,107,135,123,103,120,131,125,159,152,115,156
123,93,127,121,129,141,121,157,139,139,84,138
122,90,119,105,149,164,126,177,122,127,73,105
114,102,119,87,152,172,136,176,116,128,84,77
105,129,135,85,144,158,135,153,121,140,112,74
108,159,158,107,132,125,115,117,128,145,143,100
124,178,171,144,125,91,89,86,126,133,161,141
149,179,165,171,126,71,75,70,113,106,162,170
167,160,138,176,134,77,85,79,96,80,147,172
164,128,103,156,139,101,119,104,90,75,125,148
138,99,78,128,136,130,155,134,103,97,108,118
102,83,73,113,120,148,173,157,132,136,103,100
73,85,91,115,99,148,165,162,164,168,108,102
72,100,117,127,82,137,140,151,179,174,119,115
96,118,135,130,81,127,119,134,169,154,126,123
135,130,139,116,98,128,115,118,137,125,127,120
166,130,130,92,129,140,123,112,100,107,124,110
174,123,121,76,161,149,130,115,77,107,121,110
158,117,125,84,180,147,123,122,79,118,123,127
127,119,141,114,177,127,101,124,101,123,132,153
102,132,160,151,155,97,82,120,128,115,143,169
94,152,168,171,121,74,83,110,145,100,147,160
103,167,155,165,94,73,108,104,145,95,141,127
118,167,124,144,81,95,147,106,136,110,122,90
128,149,91,124,87,131,173,122,126,141,101,69
128,118,71,121,105,162,174,145,128,172,86,81
122,87,76,132,124,172,151,164,137,178,88,116
120,69,99,140,137,161,123,169,145,156,108,151
128,72,126,132,136,137,107,153,140,117,139,165
144,93,143,107,130,118,110,123,120,87,167,155
155,122,142,80,124,112,121,91,94,80,177,132
150,147,132,71,125,118,124,70,76,98,164,117
127,157,124,88,137,126,112,73,82,121,131,115
97,153,129,122,148,125,94,96,110,134,95,123
76,139,145,154,155,111,86,131,148,131,71,126
79,128,161,163,146,93,101,163,175,122,71,116
107,125,162,152,124,86,135,176,177,123,95,100
146,131,143,133,96,99,168,168,156,137,131,94
174,141,111,126,75,128,179,144,122,157,163,108
178,143,81,134,72,162,163,115,96,163,177,141
155,133,68,147,91,180,131,95,88,145,167,170
117,113,81,149,122,174,105,91,99,110,139,176
89,89,109,129,157,145,98,101,117,78,108,152
81,74,137,98,176,112,109,117,128,70,88,112
96,77,149,72,175,90,121,129,128,91,85,80
120,100,145,72,156,88,120,134,121,127,100,76
140,133,133,96,127,103,107,128,118,155,122,97
144,163,126,130,104,119,94,124,126,161,141,129
137,177,132,151,94,127,99,124,145,147,148,149
128,172,146,151,99,122,124,131,161,128,143,149
125,151,159,137,112,113,159,143,160,122,132,136
132,125,154,127,123,112,179,151,139,128,123,126
139,107,130,132,126,126,172,145,105,137,120,128
136,102,98,149,120,150,143,127,76,130,123,136
120,109,73,160,113,169,108,102,69,110,127,138
99,119,70,152,112,170,91,82,90,87,126,124
85,124,90,122,123,148,95,78,125,78,119,100
91,118,120,89,142,113,112,94,158,98,109,82
118,106,147,70,160,81,123,126,172,135,103,87
154,96,155,79,168,71,118,159,162,169,108,118
176,97,146,106,157,84,106,179,138,178,124,157
174,113,133,133,130,112,101,177,115,159,147,179
146,141,126,143,98,139,116,153,106,126,161,170
106,166,133,135,73,149,147,117,111,101,161,137
77,180,147,124,68,145,173,87,120,97,143,101
73,173,154,125,86,132,177,75,123,109,112,83
95,148,145,142,117,126,154,83,116,121,85,91
127,115,118,163,149,132,116,107,104,121,72,114
153,88,87,169,167,145,89,133,100,111,84,132
160,77,69,150,167,151,84,150,112,103,114,136
147,86,74,115,152,141,100,154,139,112,151,128
130,104,100,83,130,117,119,144,165,139,176,124
117,124,133,74,114,87,127,130,175,166,179,131
116,135,156,90,109,70,119,121,161,175,157,147
122,134,159,115,114,78,110,120,126,156,121,154
126,126,147,132,122,107,114,125,91,118,88,142
120,120,131,130,124,144,136,130,70,85,72,112
108,124,126,119,118,168,163,126,78,74,80,82
99,138,133,115,106,170,176,115,105,91,106,73
105,154,145,128,97,153,162,102,136,120,139,94
127,165,148,154,100,129,127,94,155,140,161,133
155,159,134,174,117,114,93,101,155,142,165,168
171,136,107,171,144,114,77,121,141,132,152,175
164,105,80,144,168,122,88,149,126,126,129,155
134,78,69,107,177,128,111,170,122,132,109,122
97,67,82,84,166,121,130,173,128,147,100,100
71,77,113,84,137,104,131,156,135,156,104,98
74,104,146,102,102,88,122,123,132,143,115,110
100,134,164,121,76,88,117,90,116,112,126,123
139,157,161,125,70,107,127,69,95,81,130,123
166,162,144,114,85,142,151,73,83,70,128,115
171,153,129,105,112,171,169,97,92,89,123,111
152,137,123,110,140,180,166,131,120,126,123,123
125,125,132,135,155,166,138,160,156,159,129,147
104,122,142,165,156,133,101,172,178,169,138,165
100,128,141,179,143,103,75,163,176,154,145,163
109,137,124,168,130,88,77,141,149,131,141,134
121,137,97,135,122,93,100,116,112,116,126,96
126,126,75,103,124,110,127,102,86,117,106,71
121,105,73,90,131,123,140,100,81,126,90,77
115,84,93,98,136,126,135,109,97,127,88,108
118,76,127,114,129,118,125,120,120,114,104,146
131,86,158,122,114,111,124,126,136,94,133,167
150,113,169,114,95,115,139,124,138,85,161,160
160,146,160,99,83,134,159,118,131,100,175,138
151,172,140,94,88,159,165,116,124,133,167,118
124,179,124,111,110,173,146,122,128,168,137,112
92,167,121,145,142,165,112,136,141,179,102,119
72,141,129,173,170,136,79,151,153,163,74,124
80,115,138,179,181,99,71,159,150,127,69,120
111,99,134,159,171,75,88,151,129,97,89,105
150,98,115,127,142,73,120,127,100,88,124,96
176,107,90,105,109,94,144,99,75,100,159,105
175,119,73,102,84,123,148,76,74,118,177,134
149,123,79,113,77,145,137,74,98,127,172,165
114,118,105,123,90,149,127,92,135,121,146,176
90,107,141,118,111,139,130,126,167,113,113,158
86,100,167,100,132,129,146,160,177,116,89,119
101,105,172,85,142,127,158,179,162,136,82,84
122,123,157,90,139,137,151,176,132,160,95,73
137,150,133,117,132,149,122,152,106,171,117,91
137,172,119,153,125,151,89,118,96,156,139,123
131,178,117,175,128,134,69,91,102,119,150,149
125,165,127,173,137,105,79,80,116,84,147,153
129,134,133,149,148,78,109,89,124,71,136,141
138,102,127,122,149,70,142,110,122,86,124,127
145,79,107,111,138,87,156,131,113,118,118,125
137,75,85,117,114,120,150,144,110,145,119,131
118,89,75,128,89,155,134,144,120,152,124,137
93,111,89,127,74,171,127,136,143,142,125,127
80,132,119,110,78,165,133,127,163,129,122,106
91,141,154,87,102,143,147,125,169,127,113,86
122,138,174,76,137,122,149,129,151,138,107,86
158,128,171,91,167,113,131,137,116,146,108,111
179,123,151,124,180,117,100,136,83,140,121,150
173,128,126,159,171,126,73,129,68,114,141,176
141,140,113,172,146,127,73,111,81,86,158,174
103,155,114,162,116,116,98,94,113,73,160,144
77,160,124,138,95,97,134,86,147,88,146,106
78,149,129,122,90,85,160,96,165,125,119,83
100,124,121,122,99,92,162,121,161,161,90,86
130,94,101,133,114,119,145,152,143,174,75,108
152,72,84,139,126,154,128,174,123,161,81,131
154,69,81,126,129,177,124,177,115,133,108,140
141,86,101,99,123,178,134,157,118,111,145,132
127,116,134,75,117,155,142,123,125,107,173,126
120,147,166,73,118,121,136,89,126,116,180,128
123,164,178,97,129,95,110,70,115,124,163,141
129,165,168,132,147,88,84,75,99,118,128,152
128,152,142,160,161,99,72,99,91,103,93,144
116,132,117,163,163,116,89,130,102,93,72,119
101,121,107,147,147,126,123,157,129,103,76,88
94,119,111,130,118,123,158,166,161,132,100,73
104,125,122,126,87,114,170,157,178,165,133,89
131,133,126,137,69,110,159,138,170,179,160,126
161,131,116,149,73,120,135,119,140,165,168,163
175,119,98,144,96,144,120,109,102,128,157,177
164,99,84,121,130,166,120,110,77,94,134,162
130,83,89,89,160,173,131,117,77,80,111,128
93,80,113,69,173,157,134,123,98,92,98,101
70,97,148,77,166,122,120,123,126,115,100,94
76,126,174,105,146,89,95,115,146,132,111,105
105,158,179,137,122,71,77,108,148,132,124,120
142,178,161,154,108,79,83,108,138,123,132,126
165,179,132,149,105,104,112,120,128,120,131,120
165,160,108,134,112,132,151,140,126,132,127,114
146,130,101,127,121,148,173,159,135,153,124,120
122,105,109,135,123,145,170,166,142,164,127,141
107,92,120,153,117,135,146,156,140,154,134,161
106,95,123,160,107,126,121,128,122,120,140,163
115,108,113,145,101,130,111,96,97,85,141,140
123,120,96,113,107,143,117,73,79,69,128,103
122,124,88,81,126,152,127,71,82,83,111,74
114,119,98,69,152,147,124,92,108,116,94,73
109,109,127,85,171,124,107,126,145,149,89,101
116,105,159,114,174,95,87,160,173,161,101,140
135,113,179,138,156,72,83,177,179,151,127,166
156,133,176,143,123,73,103,173,159,133,156,166
165,158,152,134,91,98,141,149,124,123,173,143
152,174,120,123,71,134,171,118,97,127,169,120
120,174,100,128,72,162,177,95,86,136,143,109
87,154,97,148,93,171,158,87,97,135,108,113
70,121,108,166,124,158,127,95,115,117,78,122
81,90,120,166,150,135,106,113,129,91,68,122
115,73,122,141,161,117,104,129,130,77,84,111
154,75,111,104,156,114,116,136,123,90,118,99
175,95,97,78,141,121,124,134,119,124,154,104
171,120,94,76,125,128,117,128,126,161,176,127
144,141,109,96,119,124,100,124,142,178,175,159
112,146,140,121,121,109,89,128,158,166,152,175
92,141,168,134,128,91,98,138,159,135,118,163
92,130,181,128,131,85,129,146,141,107,91,127
107,125,169,118,124,100,163,144,108,97,80,89
125,130,140,117,109,132,180,130,79,106,90,71
133,142,108,135,93,164,169,107,69,119,112,85
131,153,92,160,87,180,137,87,87,122,137,117
124,154,94,175,96,172,107,79,122,113,151,147
124,139,108,166,122,142,95,92,157,103,151,157
133,112,121,133,153,110,102,121,173,107,140,146
145,86,122,99,175,90,117,154,165,130,126,130
151,69,111,81,180,91,122,177,141,161,117,122
138,74,100,87,162,106,112,179,116,176,116,127
113,97,101,108,129,121,99,158,105,165,120,134
87,129,121,124,97,126,99,122,108,129,124,129
76,158,151,124,76,119,119,90,118,92,123,111
92,170,175,112,78,110,153,73,123,75,117,91
126,165,179,105,95,112,176,78,118,85,110,86
162,147,160,116,119,128,176,101,107,112,110,106
180,127,126,144,139,153,148,130,102,136,119,143
170,115,98,171,148,171,113,152,111,142,137,173
137,115,86,179,142,170,90,158,136,133,153,177
100,122,93,160,132,146,90,149,163,126,159,151
79,129,111,125,126,109,106,134,174,129,149,112
83,126,123,97,128,80,122,121,162,145,124,84
105,114,122,89,137,71,123,116,129,156,96,81
132,96,112,101,145,87,112,120,93,149,78,102
148,85,104,117,144,115,105,126,71,122,80,128
147,88,110,122,128,140,114,126,75,88,103,141
136,108,132,110,106,148,141,119,102,69,138,138
125,140,160,97,84,141,169,107,135,82,169,128
124,167,177,98,75,130,177,99,156,115,180,127
130,181,173,120,87,126,159,101,157,151,167,136
135,174,148,154,115,134,122,118,143,168,134,148
128,149,113,177,150,148,91,144,128,159,98,146
112,119,88,176,174,153,80,165,121,136,73,124
94,95,82,151,180,141,94,172,125,120,72,94
89,87,96,119,165,114,116,159,133,117,94,75
104,94,115,101,135,84,129,128,131,125,127,84
135,110,127,103,106,69,125,94,118,130,157,118
166,123,125,116,88,80,115,71,98,119,170,158
177,127,115,123,87,110,114,70,85,99,162,178
162,121,109,114,101,146,131,92,91,84,139,167
126,113,118,96,118,168,158,126,118,92,114,135
89,111,141,85,130,168,173,158,153,123,97,104
70,121,166,96,132,150,166,173,177,160,96,91
80,141,177,127,125,127,133,168,177,179,107,100
110,162,165,162,120,115,97,146,151,170,122,117
144,173,134,178,122,116,76,119,115,137,132,128
162,166,100,168,133,125,82,100,86,104,135,124
160,141,80,141,149,129,106,95,79,89,130,118
141,107,81,117,159,120,129,104,94,96,126,119
121,80,100,110,156,101,136,117,118,114,125,135
111,69,120,119,136,86,128,127,137,125,130,156
113,79,131,128,107,87,120,129,140,123,137,163
121,104,127,124,80,110,125,123,133,113,138,145
124,130,117,104,69,144,145,119,126,112,131,110
117,148,115,82,80,173,165,121,127,129,115,78
107,151,126,79,108,180,167,132,138,155,99,71
104,142,149,99,143,163,144,147,150,171,91,95
116,131,169,135,168,130,106,155,150,163,99,133
140,125,173,166,175,102,77,151,131,130,122,165
162,130,154,172,163,89,73,131,102,93,151,169
168,142,119,156,137,96,94,104,78,71,169,150
151,149,88,132,114,112,123,81,74,80,170,123
115,146,74,120,101,124,143,74,96,109,148,107
82,128,83,123,102,124,141,89,132,139,114,109
69,103,106,135,111,115,130,121,166,151,83,119
84,79,127,136,121,109,124,156,178,144,68,123
120,70,136,120,124,115,134,178,165,131,80,115
156,82,130,92,118,137,153,178,135,127,111,104
174,109,121,73,109,162,162,157,107,135,148,104
166,143,120,78,106,174,150,122,94,147,175,122
139,167,133,106,115,164,117,92,99,144,178,152
111,174,155,142,135,133,84,78,114,122,158,172
96,162,169,163,158,97,69,84,124,92,124,166
98,141,166,161,171,74,83,105,124,73,94,134
112,119,141,143,167,75,115,129,116,81,78,95
125,109,105,127,144,97,142,146,112,114,84,71
129,111,79,127,110,125,153,149,119,152,107,79
124,119,72,140,81,145,143,141,140,173,134,110
119,126,88,148,67,146,130,130,161,166,152,144
124,122,114,139,77,137,128,123,168,141,155,159
138,110,136,112,103,127,140,125,153,116,144,152
152,95,141,82,136,128,153,130,119,108,129,133
155,88,133,68,159,140,151,134,86,114,116,122
137,97,124,83,165,151,127,129,68,123,113,122
109,120,124,115,155,152,94,115,79,121,116,130
82,151,139,145,137,132,71,99,109,107,122,130
74,175,158,156,121,103,75,90,145,93,124,116
94,181,167,147,115,76,103,96,165,97,120,96
130,167,156,131,118,70,138,117,164,122,114,87
166,137,127,128,125,89,158,147,145,157,112,101
180,107,93,139,128,123,156,171,124,178,118,135
166,86,72,156,120,156,139,176,113,171,132,169
132,83,74,157,107,170,127,161,115,140,149,178
99,96,96,137,94,162,129,128,123,102,156,158
81,114,124,103,92,140,141,94,125,82,150,119
88,127,143,75,106,121,147,71,117,88,128,86
110,130,145,71,133,114,134,71,102,109,102,78
133,124,135,92,161,120,106,94,93,128,81,96
143,116,125,122,178,128,78,126,101,132,79,123
140,116,128,143,175,127,71,155,127,124,98,143
130,128,142,142,151,113,92,168,158,119,131,142
125,147,158,131,116,94,129,162,177,128,164,133
130,165,161,123,87,84,159,142,172,148,179,126
137,169,145,132,72,93,166,120,142,164,171,132
139,156,113,153,79,121,151,107,105,160,141,143
128,127,82,167,103,157,132,105,77,131,104,145
107,95,68,161,129,178,121,112,75,94,76,128
88,73,79,131,147,177,127,121,95,71,70,101
86,69,106,95,151,152,137,124,124,76,89,79
106,86,135,74,143,119,136,120,146,106,121,81
140,114,150,79,132,95,116,113,150,141,154,111
171,141,148,103,125,90,89,111,142,159,171,151
178,155,135,127,127,102,73,118,129,154,167,177
160,154,127,135,135,118,85,136,126,137,144,172
122,143,130,126,140,125,118,154,131,124,117,142
86,130,144,117,137,120,154,163,141,126,97,107
72,125,156,120,120,111,172,156,139,136,93,89
85,129,154,141,99,109,164,132,124,138,102,95
114,139,132,166,82,122,140,102,99,123,118,113
145,145,101,175,80,147,120,76,81,98,133,128
159,138,75,158,97,169,116,71,81,79,138,129
153,119,69,123,128,174,125,88,106,82,135,121
136,95,87,91,161,155,131,121,142,113,128,120
121,76,118,79,179,120,123,156,173,152,125,131
116,74,146,92,177,87,101,177,179,176,127,150
120,92,157,113,155,71,82,176,161,172,133,160
126,123,150,126,122,82,81,154,127,144,137,149
123,156,135,122,95,107,108,123,97,114,131,117
112,175,126,110,82,134,145,96,85,99,119,83
100,175,131,107,88,147,172,84,93,104,103,70
100,157,144,123,105,143,174,90,113,117,94,88
117,132,152,152,124,132,152,109,129,122,99,126
145,112,145,176,136,126,124,128,133,115,118,162
168,103,121,176,135,131,108,139,126,103,144,172
171,107,90,151,129,145,111,139,121,103,166,156
148,118,70,116,123,154,122,132,124,122,170,127
111,124,73,92,125,147,125,126,140,153,153,107
79,120,98,90,137,122,112,126,155,175,120,104
69,109,130,105,149,92,93,133,159,171,88,114
87,97,156,120,156,70,85,141,142,141,70,123
124,94,161,120,148,75,100,141,111,102,77,119
158,107,149,107,125,100,134,132,81,77,104,109
171,132,133,96,97,136,167,112,69,81,142,105
161,161,125,102,75,164,179,92,85,104,172,118
135,178,131,129,72,169,164,82,119,130,180,146
110,177,142,162,89,155,132,90,155,141,164,168
100,157,147,180,122,133,106,116,173,135,130,169
105,124,135,171,155,117,100,149,168,126,97,141
117,95,110,142,175,116,109,174,143,127,78,101
125,79,82,112,175,124,121,179,117,140,80,74
123,82,69,98,156,130,120,162,103,156,102,74
116,99,80,105,128,124,106,128,105,154,130,103
115,120,110,118,105,106,93,94,116,131,152,139
124,133,144,122,95,88,97,73,123,97,158,160
143,134,164,110,100,84,123,74,120,72,149,157
159,127,163,92,112,101,158,96,110,75,132,138
158,120,147,86,123,134,179,126,103,104,117,122
136,121,130,103,125,167,173,152,111,142,110,119
104,133,122,138,119,180,143,161,133,165,112,125
77,151,129,169,112,170,110,155,160,163,119,129
73,164,139,178,111,140,92,138,173,143,124,120
96,163,140,162,122,109,97,122,164,123,123,102
135,144,126,133,142,91,112,114,132,117,118,90
168,114,100,112,162,93,122,115,95,124,114,99
178,85,77,110,169,108,118,121,71,131,117,128
162,68,72,121,158,122,105,125,74,124,129,163
128,73,91,128,131,124,100,121,99,104,144,178
98,95,124,120,99,116,116,112,133,86,153,164
85,126,156,98,73,108,146,103,156,87,150,126
94,152,170,80,68,111,173,103,160,112,132,90
115,161,163,82,85,130,177,116,147,151,107,75
133,156,143,109,116,156,155,139,129,176,86,90
138,141,124,145,147,173,118,161,120,175,80,118
133,127,120,170,166,170,90,170,122,147,94,142
126,123,126,170,167,143,85,160,130,112,125,147
126,127,135,150,152,107,101,133,131,92,158,137
135,136,135,127,130,79,119,99,120,94,177,127
145,139,117,118,115,72,126,74,101,110,174,128
143,131,93,126,110,90,118,69,87,124,147,138
127,111,75,135,115,117,109,88,91,123,110,143
102,89,78,134,123,140,113,121,115,114,79,132
82,76,103,112,125,147,135,155,150,110,69,107
84,81,138,86,118,138,163,174,175,122,83,83
107,104,166,71,105,128,176,172,178,148,115,80
145,137,173,84,96,126,163,152,154,170,150,104
174,166,160,116,99,137,128,122,117,168,171,144
178,179,136,151,116,150,94,100,87,141,171,175
156,172,118,166,144,154,78,92,77,102,150,176
117,149,115,158,168,140,88,98,91,75,122,149
85,122,124,138,178,111,111,113,116,76,98,113
75,103,132,125,167,82,129,126,136,100,90,89
89,98,128,129,138,69,130,132,143,131,97,89
119,105,109,142,103,81,121,129,136,149,114,108
145,117,88,147,77,113,116,123,127,146,131,126
154,123,77,133,71,148,127,122,126,134,140,132
147,120,87,104,85,168,151,129,136,126,139,126
132,109,117,76,112,166,170,141,147,133,132,121
122,100,152,70,139,147,167,150,148,145,125,127
122,101,174,91,154,126,140,150,133,148,125,145
128,117,173,124,155,116,101,133,105,130,129,158
129,143,153,151,143,119,76,109,80,100,133,152
122,167,128,156,130,128,77,86,74,76,131,123
106,179,112,143,123,129,100,76,94,75,122,90
94,171,111,129,125,118,126,87,129,103,108,71
97,144,121,129,133,98,139,115,164,142,97,83
119,111,128,143,136,84,134,151,178,170,99,118
151,84,122,157,131,87,124,176,167,170,114,157
172,75,104,153,114,112,124,180,138,148,139,174
172,84,86,129,95,147,140,161,108,122,161,163
146,106,81,94,83,174,159,127,93,109,169,133
106,127,99,71,87,179,166,95,96,113,156,108
76,139,131,74,109,160,148,76,111,123,126,101
71,138,164,100,140,127,113,80,124,123,94,109
92,130,178,130,170,101,80,99,126,110,73,121
128,123,170,145,181,90,71,126,119,95,74,122
158,125,145,142,172,98,88,146,114,92,99,114
167,137,118,128,143,114,119,153,119,113,135,107
155,153,106,125,110,124,143,147,137,148,168,115
131,161,108,137,86,122,147,133,158,175,180,139
112,155,119,158,78,112,136,123,166,176,169,164
106,132,125,167,90,107,126,121,154,150,137,169
112,102,118,154,111,116,130,125,122,112,102,147
121,77,101,120,131,139,147,131,88,86,79,108
123,67,87,87,141,164,159,128,69,85,77,77
117,79,88,72,139,175,152,119,77,103,96,71
110,107,111,84,131,163,123,104,107,124,124,96
111,138,145,110,125,130,89,94,143,131,150,133
127,161,172,131,127,95,69,96,166,125,160,160
149,166,180,135,138,73,78,114,166,118,154,162
164,156,164,125,149,77,108,142,148,123,137,144
160,137,134,117,150,100,140,166,125,143,118,123
133,123,109,125,139,127,156,175,112,162,108,116
99,119,99,148,115,144,149,164,112,164,108,120
73,124,106,170,89,144,134,133,121,141,116,127
74,132,118,172,73,134,126,98,125,104,123,123
100,133,123,149,77,126,134,73,119,74,125,107
139,124,115,113,101,129,148,69,105,72,122,93
170,104,99,84,135,142,150,89,95,97,118,97
175,86,90,80,166,154,132,121,101,132,118,122
157,79,98,96,179,152,100,153,124,156,126,157
124,90,124,118,172,130,74,170,156,156,139,177
98,117,157,127,147,100,72,167,175,141,150,168
90,150,178,121,117,74,97,147,173,127,150,134
101,174,177,109,97,71,133,123,145,125,136,95
119,180,154,110,91,91,159,105,107,135,113,74
131,166,123,130,99,126,161,100,78,140,90,84
133,139,100,160,114,158,145,107,73,129,81,112
126,111,95,178,125,169,128,118,92,105,92,140
123,95,105,171,127,160,125,125,121,81,119,150
128,94,118,141,122,138,135,124,146,78,153,142
141,105,122,107,116,121,143,118,153,102,175,130
151,118,113,88,117,116,136,115,144,142,176,125
146,124,100,92,128,123,112,118,131,171,153,134
124,120,95,109,147,130,83,131,124,175,117,140
96,111,108,122,162,127,72,149,129,153,84,134
77,104,137,118,164,111,88,159,138,121,68,113
83,109,166,105,148,91,122,156,138,102,78,88
111,126,180,97,118,82,157,136,125,102,109,80
149,152,171,108,88,94,169,106,102,114,145,99
177,171,143,138,69,124,158,81,83,122,170,137
177,176,110,169,72,159,135,71,82,117,174,170
151,161,91,180,95,179,120,85,103,105,156,179
114,130,92,165,129,175,122,115,140,100,127,157
85,98,105,133,159,149,132,152,170,114,100,118
79,76,120,105,172,116,135,175,180,145,88,90
95,73,123,97,166,95,120,179,164,171,93,85
122,89,114,107,146,92,95,160,129,176,110,102
144,113,102,120,123,105,76,127,98,152,129,124
149,135,102,121,109,119,82,98,83,112,142,135
140,145,119,106,106,124,111,82,91,82,142,131
129,142,148,90,113,118,150,85,110,78,136,124
124,132,173,89,122,108,173,104,129,97,127,126
128,125,179,112,123,108,169,126,135,123,123,139
135,128,162,147,117,123,146,141,129,139,125,154
133,139,129,174,106,149,121,144,123,136,129,153
119,152,99,176,100,171,112,137,124,127,131,129
100,156,85,155,106,174,118,129,137,125,124,97
88,145,91,126,126,153,128,125,152,137,112,73
95,120,108,109,152,117,125,128,158,153,101,79
122,92,123,111,171,85,107,135,143,159,100,111
156,71,124,123,174,72,87,140,114,139,112,152
176,70,115,127,157,84,81,132,83,106,134,174
172,89,106,115,124,110,103,116,70,76,157,168
141,120,109,92,92,134,139,97,83,71,167,140
103,151,129,79,71,146,170,86,116,94,159,110
75,168,157,88,72,140,177,90,153,132,132,98
73,168,176,118,93,130,158,112,173,160,100,104
97,152,175,155,122,125,128,144,170,165,76,118
131,131,150,173,149,133,107,170,146,148,73,124
158,118,115,167,160,148,105,179,118,127,93,118
163,115,88,144,156,156,116,165,102,119,129,111
149,121,80,122,141,147,124,134,102,123,163,114
128,129,93,118,126,119,117,98,113,131,180,133
114,129,112,127,120,89,99,74,122,128,173,158
112,118,127,136,122,70,88,71,122,109,144,168
119,100,127,129,129,75,97,91,113,88,107,152
124,86,117,106,132,103,128,121,105,83,80,116
120,84,111,80,125,139,163,150,111,103,74,81
110,101,117,73,109,164,180,164,131,140,90,69
103,130,139,91,93,167,169,160,157,171,119,90
109,161,164,127,86,152,138,143,172,178,148,126
130,179,176,158,95,131,108,124,164,157,162,159
155,178,167,167,120,118,96,111,135,122,159,165
169,158,137,154,152,119,103,110,98,96,141,150
161,127,102,133,175,127,117,116,73,92,121,126
130,101,79,125,180,131,122,123,72,106,107,114
94,88,79,131,163,122,112,123,97,121,105,116
70,92,96,144,131,103,98,117,130,124,111,123
75,106,119,145,98,86,98,108,156,115,121,124
104,120,132,125,78,83,118,106,162,108,126,112
143,126,130,95,78,103,152,115,149,116,125,98
170,122,120,72,94,137,176,134,130,141,121,97
172,113,116,73,119,169,176,155,119,166,120,116
151,109,124,100,138,180,149,167,120,172,124,150
121,116,147,133,146,167,114,161,127,152,135,174
100,135,167,156,142,137,91,137,130,113,146,172
96,158,173,155,131,107,91,105,121,80,148,141
107,172,156,140,126,92,107,77,103,73,138,101
121,171,122,127,128,96,121,69,89,92,117,75
128,149,90,131,138,111,122,84,91,123,95,79
125,117,73,146,146,122,111,115,113,146,83,106
119,87,81,157,144,123,103,151,148,147,90,137
120,70,103,148,130,113,113,174,174,136,114,152
132,75,126,119,106,106,141,176,178,127,147,147
148,96,137,86,84,111,168,157,157,131,171,133
156,123,133,69,75,132,178,126,120,144,176,124
147,144,123,79,86,159,160,101,88,150,158,128
120,151,120,109,114,175,123,88,76,138,123,137
91,144,131,137,148,169,92,93,88,109,89,135
73,133,152,147,174,141,81,109,113,80,69,118
83,126,168,139,180,104,95,125,136,72,74,94
115,129,166,127,165,78,115,135,145,93,102,82
154,139,143,127,136,74,128,134,139,131,139,95
177,150,108,142,107,93,124,128,129,164,167,129
175,149,80,161,89,120,114,124,126,171,176,166
147,135,71,165,88,140,113,127,133,155,162,179
111,110,85,146,101,144,130,136,145,128,132,163
86,84,112,110,118,136,157,146,147,112,104,125
84,70,135,80,130,126,174,147,133,112,86,93
101,76,142,72,131,127,167,135,108,122,88,82
125,100,136,90,125,139,135,114,83,125,105,96
141,134,125,117,119,153,98,91,75,114,127,120
142,162,124,135,121,155,77,78,92,97,142,137
133,174,136,134,133,138,82,86,126,90,147,135
126,167,155,123,150,108,106,111,162,105,139,128
127,147,165,118,160,79,128,146,179,138,130,125
135,124,157,130,157,69,135,172,170,170,122,134
141,112,129,155,137,84,127,181,141,179,122,149
134,110,96,172,107,116,119,166,109,160,126,152
115,118,72,168,80,150,124,133,92,122,129,134
94,126,72,140,68,167,145,99,94,92,125,103
83,125,93,103,79,163,165,76,109,84,116,77
95,114,122,80,107,144,168,75,124,98,105,76
126,98,144,82,142,124,145,95,128,119,102,104
160,88,147,102,168,117,107,122,122,130,110,145
178,92,138,122,175,122,78,147,116,126,129,173
170,112,127,128,162,130,73,156,119,118,152,173
137,143,127,119,138,130,94,152,135,120,164,147
99,169,139,109,115,116,123,137,155,137,160,114
74,181,156,114,102,96,141,124,165,159,137,96
77,173,161,138,103,82,140,118,155,167,107,99
102,147,147,166,112,87,129,120,125,150,80,114
134,114,116,178,121,114,124,126,90,114,73,124
156,91,85,165,123,150,134,127,69,81,88,123
157,83,69,131,117,175,154,122,76,70,122,115
143,92,77,99,108,178,163,109,104,88,158,114
126,109,103,86,105,157,151,99,141,122,179,129
116,124,134,95,114,125,118,98,166,150,176,152
119,130,151,113,135,100,85,112,168,157,151,166
125,125,151,123,158,92,69,136,151,145,113,156
126,117,138,116,172,102,82,161,127,129,83,123
117,114,128,102,168,116,114,173,111,125,72,87
104,123,128,99,144,124,141,165,109,133,85,69
98,142,141,116,111,119,151,138,118,141,113,84
108,161,154,148,82,109,142,103,124,135,145,119
134,171,154,175,67,105,129,76,120,112,162,155
161,162,135,179,77,117,128,68,108,86,163,168
173,136,104,157,103,142,141,84,98,75,146,156
160,104,76,123,135,167,154,116,101,93,124,131
126,77,68,100,158,176,153,150,122,130,107,113
90,68,85,97,164,161,128,171,153,165,101,111
69,80,115,110,155,127,95,171,173,177,107,119
77,106,145,122,137,93,70,153,173,161,118,124
109,134,158,118,122,73,75,126,148,130,127,117
146,152,153,102,116,80,101,105,110,107,129,103
169,155,138,88,119,102,137,97,80,102,125,98
167,146,127,94,126,128,157,102,71,112,122,112
146,132,129,121,128,144,155,114,89,122,123,143
119,125,141,157,121,141,139,125,119,119,131,169
103,128,151,177,106,131,127,128,146,107,142,174
102,138,146,173,93,125,129,124,155,98,146,148
113,145,123,147,91,131,142,119,147,107,139,107
123,142,93,119,105,145,148,119,133,136,122,77
124,126,71,107,132,156,135,128,124,166,100,75
118,101,72,113,161,152,106,143,126,178,87,99
114,79,95,124,178,128,78,155,134,161,89,133
119,72,128,125,175,97,71,154,138,123,109,154
136,85,155,110,152,72,91,138,126,89,140,152
155,113,163,88,117,71,128,111,105,77,167,137
161,147,153,79,87,94,158,86,86,91,176,125
147,171,135,95,73,129,165,73,82,117,162,125
117,176,125,129,80,158,151,83,101,135,130,132
85,163,128,163,102,168,131,110,137,137,94,135
71,139,139,174,128,157,122,147,168,128,71,122
85,116,146,162,146,136,128,173,180,123,71,100
119,105,136,137,150,120,139,180,166,133,96,84
157,107,112,119,142,118,137,164,133,151,132,91
177,116,85,118,131,126,116,132,99,160,165,122
171,124,70,129,125,132,89,100,82,148,177,160
142,122,79,135,128,126,73,81,88,116,167,179
108,112,107,124,136,109,84,81,108,83,139,168
88,98,142,98,142,88,116,99,128,69,107,133
89,92,164,76,137,81,153,122,136,85,86,97
106,101,166,76,122,95,171,142,133,121,84,79
127,124,150,100,99,127,164,148,124,154,100,90
137,154,131,137,81,162,140,143,124,165,123,115
135,175,122,163,79,179,121,133,135,153,142,136
128,180,126,166,96,173,117,124,150,132,149,140
125,164,137,149,127,146,126,125,156,120,144,132
131,133,140,129,160,114,132,130,144,122,133,125
142,103,127,124,179,95,124,135,116,131,122,131
146,82,103,134,178,95,101,132,86,131,119,143
135,81,79,144,156,107,81,120,71,115,122,151
111,94,72,141,124,121,81,102,81,93,126,138
88,115,89,118,96,123,106,90,113,81,126,110
80,130,121,88,83,115,144,91,151,94,119,82
96,134,154,69,88,106,172,109,173,129,110,75
129,128,171,79,105,107,174,139,172,165,105,98
165,121,165,108,124,125,152,165,149,179,110,138
180,119,145,142,134,152,124,178,120,165,125,170
168,129,125,158,134,173,110,168,102,131,147,176
133,147,118,153,128,173,112,138,99,102,160,153
96,163,124,136,122,150,123,103,110,92,160,119
76,166,133,127,125,114,125,75,121,103,141,96
82,152,134,134,137,84,112,69,123,118,112,94
107,123,119,149,150,73,92,86,116,124,85,109
136,92,96,156,157,87,83,117,108,117,73,123
152,71,77,141,149,112,99,148,111,108,86,126
151,69,78,109,126,136,133,166,129,112,115,119
137,88,101,79,97,143,167,165,154,133,152,115
125,117,135,69,75,137,179,148,170,161,177,125
121,145,165,86,71,128,164,126,165,174,178,147
126,160,174,117,89,125,133,110,137,161,156,163
130,158,162,143,120,136,107,105,100,124,120,159
126,145,139,147,155,151,101,111,73,88,87,130
112,130,119,137,174,157,110,119,71,72,71,93
97,123,114,126,175,146,122,124,94,85,80,70
93,126,121,129,156,117,120,121,128,115,107,79
108,135,130,147,129,86,105,114,156,140,140,112
138,141,129,163,106,69,92,109,164,147,163,150
166,134,111,162,96,77,96,115,152,138,166,170
175,117,91,136,101,106,122,130,132,128,152,162
159,94,78,101,112,141,158,150,119,129,128,136
122,77,86,75,123,164,179,163,117,142,108,114
86,77,114,75,124,165,173,161,124,151,99,107
69,96,150,97,118,149,144,140,129,144,103,115
81,127,173,124,111,129,111,110,122,117,115,123
113,159,175,138,110,118,93,82,106,86,126,120
148,177,157,133,121,121,97,70,92,71,131,108
166,175,129,122,142,129,113,81,92,84,129,100
162,156,112,120,162,132,122,110,111,120,125,109
141,129,109,136,170,121,117,147,145,156,123,136
118,108,118,160,160,101,104,173,172,171,129,165
107,99,126,173,132,83,99,178,179,161,137,174
109,104,123,162,100,84,114,162,159,135,143,154
118,115,107,129,74,105,146,131,122,116,139,115
124,123,88,95,68,141,173,103,89,112,125,81
120,121,82,77,85,170,178,86,75,120,106,71
111,111,97,86,114,180,156,88,85,126,90,92
108,100,128,108,147,165,119,103,111,118,89,127
119,98,161,126,165,134,91,123,135,100,106,153
141,111,178,127,166,106,86,137,146,89,134,157
160,135,172,116,151,93,101,138,142,97,162,143
165,162,148,109,131,99,119,134,131,127,174,126
146,178,120,119,116,113,125,126,126,163,166,122
112,175,105,146,112,123,117,125,131,179,136,127
81,153,105,171,116,121,108,132,141,168,100,132
69,120,117,177,124,110,112,141,146,133,74,125
87,91,124,157,125,104,134,144,135,99,70,106
123,76,119,121,117,111,163,136,110,85,90,88
160,81,104,93,105,135,177,118,86,94,126,90
176,100,89,86,95,162,164,96,75,114,160,116
166,121,89,99,98,176,129,82,90,128,178,153
136,136,109,117,115,168,95,86,124,127,171,177
107,139,142,123,143,138,79,107,160,118,145,173
91,131,171,114,168,102,88,140,179,117,111,141
95,124,180,101,178,77,111,169,172,131,87,102
112,123,166,102,168,76,128,180,143,155,81,79
127,133,137,124,139,96,129,169,111,168,94,85
132,150,110,156,105,122,120,138,91,158,118,109
128,161,98,178,78,140,115,103,91,125,141,134
123,159,103,175,71,142,126,77,106,89,151,143
125,140,116,149,84,133,151,72,122,70,148,137
137,110,123,115,111,125,170,89,129,81,136,127
149,82,117,97,138,128,168,118,125,112,124,128
151,68,102,99,153,142,140,145,118,144,117,138
134,74,92,113,153,156,103,159,119,156,118,148
107,99,97,122,143,156,77,157,133,148,123,141
82,130,121,115,129,137,78,142,152,133,125,116
77,156,154,98,124,106,100,126,163,125,122,88
97,165,177,88,126,77,126,115,155,131,114,75
135,159,178,100,133,69,138,115,127,141,108,92
168,142,157,131,138,86,133,121,93,139,110,130
180,126,125,165,131,119,123,125,71,119,122,166
164,120,100,179,115,152,123,123,74,91,142,178
128,124,93,168,94,166,140,114,101,75,156,160
95,132,102,139,82,160,159,104,138,85,159,125
78,135,116,113,86,141,167,101,165,119,145,97
87,128,123,106,107,124,149,111,170,157,118,90
111,110,116,115,140,119,113,132,154,176,90,103
137,90,103,125,168,125,81,156,129,167,75,121
147,78,96,122,181,133,71,170,111,138,82,129
144,85,107,104,172,130,88,166,107,112,110,124
132,108,134,84,145,114,118,142,115,102,146,118
125,141,164,81,111,93,142,108,123,110,173,123
126,169,180,103,87,80,145,79,122,121,180,141
133,180,173,139,79,88,135,67,111,121,162,158
135,172,146,169,90,117,126,81,100,109,126,159
126,147,112,174,111,153,130,110,102,98,92,137
107,119,91,156,130,176,147,146,120,102,71,100
90,99,89,130,140,177,160,170,150,126,76,73
90,94,103,117,137,155,153,174,172,160,101,75
110,102,118,120,129,122,124,158,173,177,135,104
143,115,124,130,124,100,90,130,150,168,161,145
171,123,116,134,127,94,69,106,112,134,169,170
177,122,105,117,139,104,78,93,81,97,157,167
156,112,103,92,149,118,107,96,71,78,133,143
117,104,117,74,152,124,139,109,86,86,110,116
83,105,145,81,139,117,154,123,117,110,97,105
71,120,170,110,116,106,148,130,145,132,99,110
86,145,179,147,89,104,134,129,156,137,111,120
117,167,164,167,73,118,126,123,150,129,125,122
149,177,132,164,77,145,135,121,134,123,133,113
162,167,101,144,100,169,149,126,124,129,133,103
156,140,84,126,134,176,151,138,124,146,128,108
135,106,88,124,165,159,133,150,132,161,125,130
118,81,105,136,179,124,101,152,135,155,126,159
112,72,122,144,172,91,74,140,128,126,133,173
116,84,126,135,147,74,72,116,108,91,140,159
123,107,118,110,118,82,96,91,88,70,138,122
123,130,108,81,98,105,132,76,83,78,128,86
114,143,110,69,92,130,158,81,100,110,110,70
104,142,127,85,100,142,160,106,133,146,95,86
104,134,154,118,114,138,145,141,167,164,90,120
120,126,174,150,125,129,128,170,180,157,103,152
146,126,175,159,127,124,126,181,168,137,128,160
167,136,153,149,121,132,136,169,135,122,157,148
167,150,118,133,114,148,144,138,101,122,172,129
144,157,89,127,116,158,137,104,82,130,168,119
107,150,79,137,128,152,112,80,85,134,142,123
77,129,89,151,147,126,83,77,105,120,107,129
70,99,110,153,162,94,71,93,127,98,78,127
90,75,126,133,165,71,87,119,138,81,68,111
128,68,129,101,149,72,122,141,135,87,85,93
162,82,120,73,119,97,156,152,127,118,119,90
174,111,112,71,89,131,168,148,124,156,156,110
161,143,117,94,69,159,158,136,133,178,177,146
132,165,136,125,72,166,135,126,147,171,175,174
107,169,161,147,94,154,121,122,154,141,151,176
96,157,175,147,128,133,123,125,145,109,117,147
102,137,168,134,157,121,133,130,119,94,89,108
116,121,140,126,171,120,135,131,89,100,79,80
127,115,105,133,166,129,121,122,72,115,90,80
126,120,80,151,146,134,95,107,80,123,113,103
121,128,77,164,124,125,76,95,110,118,138,131
118,130,94,156,110,106,81,93,149,108,153,145
126,122,117,126,107,86,110,107,173,108,152,142
142,105,132,92,114,80,149,133,174,126,141,130
156,88,132,71,122,97,172,161,152,154,125,126
154,82,123,79,123,130,169,175,122,174,116,134
132,94,117,104,116,164,147,170,101,167,114,143
102,121,124,130,105,179,122,143,97,136,119,142
77,153,144,139,99,171,113,108,107,97,124,121
76,176,165,131,105,143,119,78,120,74,123,94
100,180,172,121,125,112,129,68,124,80,118,77
139,165,158,123,152,96,125,81,118,106,112,88
171,135,125,142,171,97,107,111,110,134,111,123
179,108,92,165,175,110,86,145,112,146,120,161
160,91,73,172,158,122,81,166,127,140,137,179
124,91,78,154,125,122,101,169,152,129,152,166
94,103,101,119,93,112,138,153,168,127,158,132
82,117,125,87,71,103,169,130,165,138,147,100
93,125,139,76,73,107,177,110,140,152,123,87
116,123,135,90,92,127,158,102,103,149,96,98
136,114,126,114,122,156,129,106,75,127,78,118
142,108,121,129,147,174,108,116,70,94,81,130
137,112,129,126,159,173,107,124,91,72,104,129
128,129,149,115,155,148,117,125,125,77,139,122
126,153,166,111,141,111,125,119,155,109,169,122
132,170,166,126,126,82,117,114,165,147,180,136
141,174,146,154,120,75,99,116,155,169,166,153
139,157,111,175,123,89,87,127,135,165,133,159
124,126,82,174,130,115,96,145,118,142,97,141
101,94,70,147,133,136,127,159,115,120,72,107
85,73,83,111,125,142,162,159,121,113,73,77
87,72,109,88,109,134,179,144,127,119,95,73
112,90,134,87,92,126,169,114,123,127,129,98
148,116,144,104,84,126,139,87,109,122,159,138
175,139,139,120,94,138,109,71,94,105,171,168
177,149,128,122,119,154,97,79,92,89,162,171
152,146,124,111,151,159,104,105,110,92,138,149
113,135,134,100,175,144,118,141,142,118,112,120
82,127,152,106,180,115,122,171,170,154,96,103
73,127,164,133,164,84,111,180,179,178,95,105
90,137,158,164,132,68,97,167,162,174,106,116
122,148,132,180,99,79,96,137,125,144,122,123
149,152,98,170,79,109,117,105,91,107,134,117
158,141,73,139,78,143,151,85,74,87,136,108
149,117,71,107,95,164,176,83,83,90,132,108
132,91,90,94,118,163,176,98,108,109,127,125
119,71,120,101,137,147,150,120,135,125,125,153
118,72,143,116,145,127,115,137,147,127,130,170
123,92,149,122,140,120,92,143,146,119,136,163
127,124,141,112,130,123,91,138,133,115,137,130
121,155,129,95,126,133,107,130,126,125,129,92
108,172,126,90,128,133,121,125,129,149,115,70
98,170,137,107,138,119,121,128,139,168,99,81
101,153,153,141,147,98,110,135,144,164,92,113
122,130,159,171,145,81,102,140,136,136,101,148
152,115,148,179,131,83,112,136,112,98,124,163
171,111,119,161,106,107,140,121,88,72,151,154
168,117,87,130,84,143,168,101,77,76,169,133
141,125,69,109,74,172,178,86,88,103,169,119
102,126,75,106,84,179,161,86,121,136,147,118
74,117,100,117,112,162,124,104,158,154,113,126
70,102,131,126,147,131,93,135,178,150,82,127
95,89,152,119,173,105,82,165,174,135,69,116
132,88,153,99,180,95,95,179,147,126,81,98
162,105,141,82,166,102,115,172,112,130,112,91
170,134,129,86,137,116,127,143,91,141,150,105
155,164,128,113,108,123,123,107,89,143,175,138
129,180,138,150,90,119,113,79,103,127,178,169
108,177,152,173,89,108,112,70,121,98,157,177
101,155,153,172,102,102,130,84,131,76,123,155
109,123,136,149,118,112,157,112,128,79,92,114
120,97,107,125,129,137,174,143,120,108,77,82
125,84,78,115,130,164,167,161,120,147,85,76
120,89,68,121,123,177,136,162,131,173,108,96
114,105,82,132,118,167,99,148,149,171,135,127
115,121,112,131,121,135,77,128,161,147,154,147
128,129,143,111,133,99,83,115,156,118,156,146
149,126,159,86,151,77,105,111,129,104,145,135
161,118,155,73,161,78,127,115,96,108,128,126
156,113,140,87,158,98,134,122,72,119,115,129
129,119,128,120,138,124,126,124,73,122,111,139
97,137,127,155,108,140,118,118,98,112,115,141
73,157,138,169,81,139,124,109,135,99,121,125
76,170,149,160,68,130,145,104,165,98,124,100
104,167,145,138,78,123,166,110,172,118,121,80
144,145,125,124,106,129,169,128,157,151,115,85
172,113,96,126,140,145,146,150,130,175,113,115
176,83,73,138,167,158,109,166,111,174,119,155
155,69,71,143,174,156,79,166,105,146,132,178
120,75,92,130,162,135,73,146,112,107,148,171
94,98,126,101,139,102,93,113,121,82,155,139
87,126,155,76,116,75,122,84,122,82,149,103
99,148,164,71,103,69,141,68,114,103,128,86
119,155,156,94,104,88,139,78,103,126,101,92
134,148,137,128,113,121,128,105,103,136,82,113
137,135,125,155,122,153,123,142,119,130,80,130
129,126,126,160,123,165,134,169,147,122,100,133
125,127,137,146,116,158,154,177,170,125,133,126
128,136,144,130,107,138,164,164,173,142,164,122
139,145,137,128,104,123,152,135,152,159,179,131
146,145,115,140,113,120,119,108,115,160,170,149
142,131,88,153,134,127,86,91,82,136,140,157
121,108,71,149,158,135,69,91,70,100,103,145
96,84,77,124,172,129,83,104,84,73,75,114
79,71,105,92,169,112,112,121,114,73,70,82
86,79,139,70,146,90,141,132,144,100,89,72
115,104,164,75,112,79,150,133,158,137,123,91
153,138,167,103,82,89,141,129,153,160,156,130
177,166,153,134,68,120,129,124,137,160,172,166
176,176,132,150,77,156,128,125,124,142,167,174
148,168,122,146,102,177,141,134,122,126,144,156
109,145,124,131,133,175,155,145,129,121,116,124
81,122,134,126,157,152,153,149,134,130,96,103
77,108,139,136,164,120,130,141,128,135,91,100
96,106,129,155,154,100,95,120,110,126,101,112
125,114,106,163,137,96,71,96,91,104,119,122
148,123,82,150,122,107,74,79,84,83,133,121
152,123,73,116,117,120,101,81,98,82,139,112
142,115,87,84,120,123,135,102,130,107,136,109
129,101,118,70,127,114,156,136,164,147,129,121
122,92,153,84,129,104,154,167,180,174,125,147
124,96,171,112,121,103,139,181,170,176,126,166
130,116,168,135,106,120,127,172,138,151,132,165
130,146,148,139,92,148,130,143,103,117,134,137
118,171,126,129,90,171,143,108,81,97,131,98
101,181,117,121,104,176,149,82,82,98,118,72
92,171,121,127,131,157,136,73,103,112,104,76
100,143,131,149,161,121,106,89,125,122,95,106
125,110,133,168,178,89,79,114,140,120,100,143
157,87,121,169,176,75,70,140,137,109,119,164
175,80,99,145,153,84,90,154,130,105,146,159
168,90,79,108,118,108,127,153,125,119,165,138
137,109,78,81,88,131,157,141,131,147,169,119
99,127,98,78,73,140,164,127,144,171,151,115
72,133,132,96,80,136,151,119,152,172,119,121
73,129,164,119,101,126,131,120,145,146,88,126
99,121,175,130,127,124,123,125,121,107,70,119
135,118,165,125,145,135,129,129,92,78,78,104
162,125,141,114,149,151,140,124,74,76,105,93
165,142,120,114,141,160,138,112,78,98,143,102
149,160,112,132,131,151,117,100,108,127,173,132
126,167,118,161,125,123,89,96,146,143,180,164
110,158,128,177,128,91,72,106,173,142,163,177
108,132,128,169,137,70,83,129,176,130,129,161
115,100,115,137,143,74,115,156,155,126,96,122
123,75,94,103,139,99,152,172,124,135,76,86
122,68,79,84,122,134,170,170,101,150,81,74
114,81,86,90,99,159,164,147,95,153,102,90
108,109,111,108,81,164,140,113,105,135,131,121
113,138,147,123,78,151,121,82,119,103,153,146
132,156,172,121,95,131,118,68,125,75,159,151
155,159,177,108,125,121,127,77,121,73,150,139
166,148,159,101,159,123,133,106,113,98,132,128
156,133,132,112,179,132,124,141,112,137,116,126
126,124,112,142,178,135,101,166,126,165,109,135
92,125,107,170,157,125,80,172,149,168,111,139
70,134,116,180,124,103,80,159,166,148,118,129
77,141,125,163,98,83,105,134,165,125,124,106
108,138,124,129,84,79,143,111,142,114,124,85
147,123,109,101,89,99,171,99,106,118,119,83
173,100,91,93,105,133,173,100,76,127,116,109
173,80,83,104,123,166,153,111,69,125,118,148
150,74,95,118,134,179,125,122,88,109,129,176
117,89,125,121,133,169,111,127,122,91,143,175
96,117,159,108,126,140,113,124,155,87,152,147
92,151,178,93,121,112,124,118,167,108,149,108
105,174,174,93,125,97,126,117,158,145,132,85
122,177,150,116,137,100,112,125,137,173,107,87
131,163,122,151,152,113,92,140,119,178,86,107
129,136,104,176,158,122,83,154,113,154,81,129
124,113,103,177,150,120,97,157,118,117,96,136
122,101,114,153,127,109,132,145,126,91,126,131
131,102,123,122,98,101,166,120,124,88,159,123
146,113,120,105,75,107,178,92,111,104,177,128
152,122,106,107,70,129,165,74,97,122,173,143
143,122,91,119,88,158,133,77,93,128,146,154
118,114,89,125,119,176,109,101,109,120,109,147
90,102,107,114,153,172,102,136,139,113,78,120
75,96,139,94,174,146,111,168,168,120,68,88
87,105,169,81,174,108,122,181,178,143,84,72
119,128,180,92,156,82,120,171,164,164,116,86
157,156,169,123,130,76,105,143,128,169,151,123
179,175,140,158,107,92,91,108,93,146,172,161
173,178,111,176,98,117,95,85,74,108,171,176
144,161,97,168,101,136,121,80,80,77,150,162
106,129,100,143,113,140,157,93,105,72,120,130
82,98,113,119,122,131,178,116,133,95,97,104
82,79,122,114,124,124,174,137,149,127,89,97
101,78,119,123,117,126,145,146,147,151,97,107
128,94,105,132,110,141,112,144,136,152,114,120
145,116,94,126,109,157,95,134,126,139,133,124
146,133,97,105,121,160,98,126,127,127,141,117
136,138,119,81,142,143,113,125,136,128,140,111
127,133,151,75,162,111,122,130,142,139,133,118
125,124,176,95,170,81,116,136,135,146,125,141
131,122,179,131,161,68,103,135,115,133,124,162
137,130,160,162,133,81,98,124,91,106,128,166
131,146,127,170,100,112,113,107,78,80,132,143
115,160,101,155,75,145,145,91,88,75,131,105
95,162,91,133,68,164,173,88,118,97,121,75
87,147,99,122,84,160,178,102,155,137,108,72
99,119,114,127,114,144,156,129,178,168,99,99
129,89,123,140,145,126,120,160,176,174,100,138
162,69,118,140,164,121,92,177,149,154,115,164
178,70,105,123,166,126,87,173,115,125,140,164
167,90,98,93,151,135,101,148,90,107,161,144
133,121,106,72,131,133,119,113,86,107,168,121
95,150,131,76,117,117,125,82,100,118,155,112
72,163,162,102,113,95,116,69,120,123,125,116
77,161,179,138,117,79,107,79,131,115,94,124
105,146,175,160,125,84,111,107,130,100,72,122
138,129,148,158,126,109,134,139,123,95,75,109
160,121,115,141,117,146,163,162,120,110,100,97
160,123,91,128,104,173,177,166,129,142,137,101
144,130,87,130,94,178,165,153,146,171,169,125
124,137,100,143,96,160,131,132,159,178,181,158
114,131,117,152,114,129,96,114,156,156,168,176
114,115,124,144,142,105,80,107,132,117,136,165
122,94,119,115,168,97,89,110,99,87,100,129
124,79,107,84,178,105,111,118,74,80,77,91
118,80,104,69,169,118,128,124,72,97,77,72
107,100,116,81,140,123,129,122,96,121,96,85
102,131,142,111,105,116,118,114,133,134,126,115
112,162,168,141,79,105,114,109,164,132,152,144
136,179,179,152,71,101,126,111,173,122,162,154
160,176,166,143,84,113,151,125,160,122,155,145
170,155,135,129,110,140,171,146,133,138,136,130
156,126,102,128,137,167,169,162,111,157,118,124
122,104,83,140,152,178,141,164,103,163,107,129
87,95,86,158,153,165,104,148,109,145,107,137
69,100,103,161,141,132,78,119,119,110,115,131
80,113,121,142,130,97,78,88,123,78,123,112
112,122,127,107,124,77,99,70,116,70,126,89
150,122,121,78,127,80,125,75,106,91,123,83
172,114,111,71,135,101,137,100,104,127,119,103
168,104,110,91,139,125,132,137,117,156,119,141
145,103,125,119,132,138,122,167,144,161,126,172
115,114,152,138,115,137,123,178,167,147,139,178
99,138,172,139,94,127,139,168,173,129,149,154
99,163,176,127,81,123,160,141,154,122,148,114
111,177,156,121,84,131,168,110,118,128,135,86
124,173,121,131,106,148,150,90,84,136,111,82
127,149,90,154,139,160,114,87,69,131,91,102
122,116,78,170,168,157,82,99,81,110,82,126
118,87,87,165,181,133,71,118,111,86,93,139
121,73,108,135,173,100,88,133,143,79,120,135
